p_val,avg_log2FC,pct.1,pct.2,p_val_adj,Cell_type,GENE
4.77224082209739e-13,-0.49216978708715,0.337,0.448,1.00369768970352e-08,Neurons,Arid1b
1.92139499297384e-12,0.446821222882095,0.458,0.349,4.04107794922259e-08,Neurons,Gm6133
6.58854836940233e-12,0.38218851692503,0.603,0.508,1.3857034930527e-07,Neurons,Tmsb10
9.96675558691472e-12,-0.498595232678939,0.306,0.306,2.0962080350399e-07,Neurons,Ndfip1
1.01866084331758e-11,-0.353926773429871,0.605,0.664,2.14244748566554e-07,Neurons,Tuba1c
1.44345854152928e-11,0.370260770379323,0.128,0.054,3.03588200454438e-07,Neurons,Paxbp1
3.56613935973489e-11,-0.461868123713677,0.519,0.604,7.50030430139443e-07,Neurons,mt-Rnr1
3.72230276407669e-11,0.475767996127361,0.265,0.167,7.8287471734061e-07,Neurons,Ctla4
3.8041237024089e-11,-0.334038070924131,0.837,0.863,8.0008329709064e-07,Neurons,mt-Nd5
7.2866560328197e-11,0.396298809251137,0.478,0.369,1.53252949682264e-06,Neurons,Gm10073
1.17694473698777e-10,0.429187270228717,0.374,0.267,2.47535017083268e-06,Neurons,Gm11077
2.21057057092656e-10,0.343023109356078,0.64,0.539,4.64927202477274e-06,Neurons,Gas5
5.33040530225948e-10,0.395837540755596,0.468,0.372,1.12109084317121e-05,Neurons,Pkhd1
6.66773848591561e-10,0.355095636824875,0.582,0.499,1.40235875835777e-05,Neurons,Gadl1
7.26585143439906e-10,0.300176199666362,0.703,0.61,1.52815387368281e-05,Neurons,Srrm2
1.15256357499799e-09,0.364437033949052,0.381,0.278,2.42407171093577e-05,Neurons,Arglu1
1.20050569469741e-09,-0.427048786177654,0.157,0.242,2.52490357708758e-05,Neurons,Zfp708
1.49969796417881e-09,-0.384926237336986,0.494,0.578,3.15416475826088e-05,Neurons,D4Wsu53e
1.53870936385529e-09,-0.470782072933853,0.219,0.314,3.23621353406044e-05,Neurons,Gm4076
1.6844437493408e-09,0.345667962372769,0.693,0.586,3.54272209361358e-05,Neurons,Tmsb4x
2.25725966225973e-09,0.312795722344781,0.577,0.486,4.74746852166467e-05,Neurons,Abr
3.04688227000843e-09,0.3045869214815,0.476,0.373,6.40820279028173e-05,Neurons,Nudcd3
3.06325008120353e-09,0.336666893840802,0.474,0.363,6.44262757078726e-05,Neurons,Basp1
1.04274381750401e-08,0.152399282567778,0.98,0.964,0.000219309879697443,Neurons,Snhg11
1.12411501846069e-08,-0.365432596879735,0.548,0.609,0.000236423870682653,Neurons,Stmn1
3.07400902332352e-08,0.293094429219528,0.481,0.388,0.000646525577785404,Neurons,Mgat5
4.41705347377951e-08,0.335768746817141,0.427,0.341,0.000928994686605306,Neurons,Tnpo1
4.54860179663149e-08,0.326713331751212,0.125,0.064,0.000956661929867535,Neurons,Hspa1a
4.71806147414787e-08,0.318212741623829,0.543,0.466,0.000992302689242779,Neurons,Slc24a3
4.93668507814404e-08,0.29442223495842,0.645,0.564,0.00103828360563525,Neurons,Gm5148
5.0430080867304e-08,0.364886175004136,0.33,0.237,0.00106064546080114,Neurons,Jund
5.28311394107568e-08,0.238649148114462,0.761,0.703,0.00111114452408704,Neurons,Rps27
5.2905838170208e-08,0.271905778159396,0.665,0.589,0.00111271558839581,Neurons,Gm9843
5.74089956283768e-08,0.3233490144918,0.312,0.222,0.00120742599605602,Neurons,Wdr66
1.42803388414104e-07,0.247601645657786,0.57,0.479,0.00300344086512544,Neurons,Wdr26
1.54931401462968e-07,-0.383725089465062,0.106,0.17,0.00325851723556914,Neurons,Tubb4b-ps1
1.86701211977989e-07,-0.359595372626541,0.083,0.141,0.00392669989032107,Neurons,Gm23812
2.20284969806656e-07,0.282421141215767,0.73,0.691,0.00463303348497358,Neurons,Rps21
3.60308280244107e-07,0.228291941019194,0.971,0.952,0.00757800375009406,Neurons,Meg3
3.72352822740382e-07,-0.375132559977525,0.456,0.514,0.00783132456787571,Neurons,Lrrc58
3.79978544976315e-07,0.399697155447053,0.225,0.154,0.00799170875794186,Neurons,mt-Te
4.70167757773265e-07,0.333367227960637,0.372,0.294,0.0098885682814873,Neurons,1700007G11Rik
4.8422317945003e-07,0.287624704804533,0.289,0.205,0.010184181910193,Neurons,Mllt4
6.31695599891236e-07,0.256137406916825,0.466,0.379,0.0132858218569125,Neurons,Rab39
6.72029326862721e-07,0.311815671238703,0.36,0.277,0.0141341208025767,Neurons,Cox17
8.19382571989983e-07,0.259686711182551,0.27,0.189,0.0172332542540933,Neurons,8430429K09Rik
8.40961694490149e-07,0.218062167168363,0.623,0.544,0.0176871063585168,Neurons,Rpl13-ps3
8.50609667175036e-07,-0.280746993776229,0.618,0.659,0.0178900225200254,Neurons,Serinc1
9.39979279179934e-07,-0.209530903586738,0.773,0.789,0.0197696441997124,Neurons,Ssh2
1.20877856185066e-06,-0.297311547673451,0.619,0.652,0.025423030712843,Neurons,Rtn3
1.32614292767536e-06,0.240487824410783,0.583,0.507,0.0278914380548681,Neurons,Wdr89
1.56916990063885e-06,0.261946598732139,0.427,0.345,0.0330027813502364,Neurons,Ddah1
1.86663471188857e-06,0.248824775363223,0.708,0.659,0.0392590612604405,Neurons,Rpl38
1.96405594592771e-06,0.25128939463194,0.213,0.143,0.0413080246547515,Neurons,Ube2q1
2.15998671917509e-06,0.232826791980193,0.108,0.058,0.0454288406776904,Neurons,Nphs1
2.20609828968958e-06,0.314829707689143,0.365,0.288,0.0463986592287512,Neurons,1700045H11Rik
2.47696536338112e-06,0.28013144171526,0.432,0.348,0.0520955355226317,Neurons,Usp32
2.94322885828191e-06,0.231218951642535,0.667,0.603,0.0619019893473852,Neurons,Vmp1
3.3382544674215e-06,-0.278659074886856,0.568,0.612,0.070210167958809,Neurons,Tuba1b
3.84447030930237e-06,0.313133475876256,0.132,0.079,0.0808568995452475,Neurons,Npas4
4.12578779269466e-06,0.362786705393375,0.137,0.084,0.086773568855954,Neurons,Sbf2
4.75028434891989e-06,0.312676668095057,0.464,0.387,0.0999079804264831,Neurons,Reps2
4.86408477268539e-06,0.156075737831469,0.398,0.309,0.102301430939119,Neurons,Nktr
5.45772413781374e-06,0.328626380261179,0.394,0.317,0.114786854066499,Neurons,Pcdh15
6.33832959169184e-06,0.207720570322676,0.791,0.757,0.133307747972463,Neurons,Gm17494
6.6492423889987e-06,0.239721584482058,0.328,0.249,0.139846865925421,Neurons,Map7
6.98645497518068e-06,0.26506507935397,0.285,0.214,0.146939121038,Neurons,Slc37a2
7.52935387623956e-06,0.302090083463466,0.323,0.25,0.15835737072507,Neurons,Catsper2
7.9382048259874e-06,0.273828595623821,0.358,0.288,0.166956323900167,Neurons,Heph
8.44653581075208e-06,0.276353189309461,0.255,0.186,0.177647541171738,Neurons,Gm10288
8.8096151632e-06,0.306957235787408,0.194,0.134,0.185283826112422,Neurons,Smap1
1.07793854748838e-05,0.234081155504777,0.403,0.328,0.226712035307756,Neurons,Gm17511
1.09767102122574e-05,0.197604229715697,0.1,0.055,0.230862169184197,Neurons,Rybp
1.19305600802015e-05,0.303193653048501,0.153,0.1,0.250923539606798,Neurons,Slc28a1
1.22458932701759e-05,0.204243454260007,0.486,0.407,0.257555627258341,Neurons,Srrm1
1.23711911783421e-05,0.253970025237029,0.677,0.624,0.260190892862892,Neurons,Orc5
1.25640113956605e-05,0.201088881899698,0.566,0.494,0.264246287673532,Neurons,Pfdn5
1.36781321301452e-05,0.262833336715776,0.309,0.237,0.287678474961215,Neurons,Gm26745
1.46721730453572e-05,0.194219747294001,0.388,0.308,0.308585143489952,Neurons,Tra2a
1.7322467306964e-05,0.278851707592557,0.314,0.244,0.364326132400066,Neurons,Strbp
2.07775262833045e-05,0.226369688015928,0.66,0.6,0.436992932790461,Neurons,Rimklb
2.67093036316324e-05,0.218226749340862,0.716,0.665,0.561750073980493,Neurons,Gm9846
3.17679893856379e-05,0.246460148951668,0.318,0.249,0.668144352758736,Neurons,Fcrla
3.18128002408962e-05,-0.162774805844803,0.699,0.731,0.669086814666529,Neurons,Pnmal2
3.37638634993434e-05,0.233010528612578,0.581,0.524,0.71012157711819,Neurons,Rpl18a
3.890168774289e-05,0.205419383067205,0.616,0.558,0.818180296608462,Neurons,Gm20388
4.06264204565804e-05,0.196773111601736,0.677,0.629,0.854454875042799,Neurons,Rps15
4.19866974341415e-05,0.186238675180061,0.692,0.635,0.883064220434863,Neurons,Rpl35a
4.25433559341313e-05,0.181803297560738,0.341,0.266,0.894771862006649,Neurons,Marcks
4.30360907938938e-05,-0.377538906753291,0.348,0.402,0.905135061577175,Neurons,Nptn
4.37348616532077e-05,0.324762726525067,0.191,0.136,0.919831610290265,Neurons,Hbb-bs
5.46719177000747e-05,-0.270969676594691,0.579,0.622,1,Neurons,mt-Nd4l
5.56517046028876e-05,0.331926980250732,0.254,0.192,1,Neurons,Gadd45g
7.06469942375577e-05,0.215770459881715,0.287,0.222,1,Neurons,Itgbl1
7.50683969555371e-05,0.199593200962293,0.341,0.268,1,Neurons,Rnpc3
7.65323061020089e-05,-0.307304934962896,0.294,0.351,1,Neurons,G3bp2
7.70090537263621e-05,0.210824239466227,0.52,0.461,1,Neurons,Gm5428
8.23259047047659e-05,0.151081675603323,0.727,0.68,1,Neurons,Uchl1
8.28134431472735e-05,0.244348107922373,0.25,0.188,1,Neurons,Tia1
8.46173443949575e-05,0.225550195145087,0.171,0.119,1,Neurons,Jakmip2
8.58459532721251e-05,-0.228954077576788,0.681,0.716,1,Neurons,Hnrnpa2b1
8.64770188786351e-05,0.22782383428376,0.214,0.157,1,Neurons,1500009C09Rik
0.000104437791327922,0.449937644288147,0.224,0.169,1,Neurons,Asic2
0.000106191893321884,-0.241953597872566,0.583,0.624,1,Neurons,Gapdh
0.000108875462753659,0.119622799020824,0.426,0.351,1,Neurons,Fos
0.000110808260755923,0.181679540907214,0.559,0.495,1,Neurons,Rpl39
0.000125744983812275,0.184340227317938,0.594,0.527,1,Neurons,Rpl34
0.00012760295835193,0.184324938079149,0.752,0.703,1,Neurons,Gm10076
0.000141736923235485,0.212851361750611,0.493,0.428,1,Neurons,Sepw1
0.000148495509145966,-0.366325522249671,0.204,0.255,1,Neurons,Hs6st2
0.000148502124854016,0.192452749355533,0.415,0.349,1,Neurons,Rassf3
0.000149935805138338,0.254006561815962,0.164,0.115,1,Neurons,Kdm1a
0.000150408737042942,0.206700734444027,0.563,0.508,1,Neurons,Rps3a2
0.00015532789187956,0.193382822304157,0.578,0.518,1,Neurons,Cfl1
0.00016047594499749,0.237405210506295,0.353,0.291,1,Neurons,Fam178b
0.000160541861182921,-0.193433500346064,0.615,0.648,1,Neurons,Ddx5
0.000164007898496346,0.16862431180029,0.136,0.09,1,Neurons,Akirin2
0.000169090857173493,0.217687341887123,0.411,0.342,1,Neurons,Pou2f3
0.00017294950291708,0.287685937616688,0.263,0.207,1,Neurons,Tanc2
0.00019129487613473,0.22652396521045,0.493,0.438,1,Neurons,Taf1c
0.000204463025197762,0.171237439023082,0.11,0.07,1,Neurons,Ccdc173
0.000211181575323349,0.227510660187262,0.49,0.432,1,Neurons,Gm6472
0.000211633919153765,0.187361350305331,0.123,0.081,1,Neurons,Ppp4r2
0.000213152158485088,0.187320984108618,0.689,0.641,1,Neurons,Snrpn
0.000226390101476651,0.114411781848934,0.179,0.127,1,Neurons,Csrnp3
0.000232009116780267,0.124436371346936,0.897,0.88,1,Neurons,Gnaq
0.000246262130974226,0.190393102752054,0.13,0.087,1,Neurons,Gnb4
0.000254494260275292,0.205921056716065,0.607,0.548,1,Neurons,Gm2000
0.00026641655604389,0.259489890086642,0.198,0.146,1,Neurons,A330076H08Rik
0.000274366036087545,-0.330710278941933,0.215,0.264,1,Neurons,Tubb4b
0.000277302022225836,0.232733994814022,0.139,0.095,1,Neurons,Dnajc17
0.000279718869996284,-0.208003317946559,0.694,0.712,1,Neurons,Hspa8
0.00028489245896919,-0.253729162403647,0.099,0.141,1,Neurons,Gm5506
0.000285084849471716,-0.289259912965896,0.127,0.172,1,Neurons,Stub1
0.000302808892868628,0.154986017328973,0.163,0.114,1,Neurons,Raph1
0.000309342773213773,0.174406614846097,0.406,0.334,1,Neurons,Jun
0.000330018673183261,-0.230481547152462,0.202,0.255,1,Neurons,Gm10116
0.000356612859903687,0.278311357069619,0.202,0.152,1,Neurons,Ccni
0.000358471517115787,-0.306426544101951,0.279,0.33,1,Neurons,Rcn2
0.000381919597586498,0.104855120281418,0.228,0.171,1,Neurons,Kif2a
0.000386646043276435,0.22748977242046,0.17,0.123,1,Neurons,Atp1a1
0.000392054604953,0.217514849056236,0.463,0.405,1,Neurons,Gm7808
0.000393110100629433,0.190037633295207,0.279,0.22,1,Neurons,2700060E02Rik
0.000395522070481922,0.171801978013667,0.708,0.648,1,Neurons,Fau
0.000396139045467544,0.232476478756418,0.424,0.366,1,Neurons,Mir682
0.000408537719222143,-0.17931570954002,0.83,0.835,1,Neurons,Actb
0.000420196994521689,0.255767054590869,0.202,0.152,1,Neurons,Dcc
0.000424678738164131,-0.163159528345628,0.593,0.631,1,Neurons,Tmem130
0.000439920352987704,0.247822203509,0.184,0.137,1,Neurons,Eya2
0.000474882178245362,-0.256677053122381,0.074,0.11,1,Neurons,Sqle
0.000477563465484181,0.222275646167771,0.306,0.246,1,Neurons,1500012F01Rik
0.000488026375477652,0.111921949019194,0.524,0.45,1,Neurons,Rpl27-ps3
0.000488502599468221,0.166661526042377,0.73,0.682,1,Neurons,Cxx1a
0.000523456948734662,0.248931848511218,0.182,0.134,1,Neurons,Tle4
0.000532872678489927,0.44709282755408,0.197,0.152,1,Neurons,Dnajb1
0.000541347933739764,0.22751939169475,0.114,0.076,1,Neurons,Gps2
0.000560463309435412,0.216475274555341,0.328,0.272,1,Neurons,Gm8420
0.000565355452046168,0.211701034361787,0.364,0.307,1,Neurons,Rpl9-ps6
0.00058021915688133,0.173144950808168,0.25,0.193,1,Neurons,Guk1
0.000602542574787901,0.164789155252898,0.553,0.496,1,Neurons,Gm11808
0.00061058880124092,-0.320447850590426,0.233,0.279,1,Neurons,Eif4g2
0.000651318575581947,0.199597296616351,0.282,0.226,1,Neurons,Hnrnpd
0.000652575006210539,0.175705612599939,0.536,0.479,1,Neurons,Dync1i2
0.000677155338515015,0.181310075574886,0.401,0.337,1,Neurons,Stmn4
0.000703378005236065,-0.299517564281188,0.073,0.108,1,Neurons,Nf1
0.000708580579824212,0.175518773084034,0.301,0.243,1,Neurons,Lamp1
0.000725723570497582,0.187378970867514,0.199,0.152,1,Neurons,Lrrfip1
0.000732871373341294,0.229308084795581,0.197,0.149,1,Neurons,Ube2e2
0.000750616857987817,0.142833904427221,0.767,0.737,1,Neurons,Cox4i1
0.000760290957393254,0.243520576099988,0.2,0.152,1,Neurons,Frmd5
0.000760898239808162,-0.241236570930645,0.118,0.161,1,Neurons,Ppp2r5a
0.000765047072135481,-0.197685178534235,0.386,0.446,1,Neurons,Dner
0.000772194892761831,0.249184313273695,0.198,0.152,1,Neurons,1700086L19Rik
0.000834752022408862,0.18496340510601,0.569,0.515,1,Neurons,Ipcef1
0.000846247803006416,0.212598195114505,0.156,0.112,1,Neurons,Cacna1a
0.000878520239667193,0.15448987271204,0.384,0.322,1,Neurons,Ythdc1
0.00090586563615531,0.146034049475365,0.643,0.581,1,Neurons,Rbm39
0.000911171966577257,0.214690121568314,0.103,0.068,1,Neurons,Tmem29
0.000918170961177053,0.187439159354586,0.403,0.345,1,Neurons,Mt3
0.000940420376849973,0.156942145035023,0.181,0.134,1,Neurons,Ppp2r2d
0.000955646234600951,0.212900591849389,0.169,0.124,1,Neurons,Cygb
0.00097821661116398,0.279269746660205,0.497,0.437,1,Neurons,Nrg3
0.00100156062609844,-0.135853000911129,0.851,0.867,1,Neurons,Atp1b1
0.00100853382373359,0.207218255261673,0.294,0.239,1,Neurons,1700034P13Rik
0.00102142417105472,-0.168508870068645,0.695,0.723,1,Neurons,Map1b
0.00103798734495289,-0.104681419382961,0.925,0.936,1,Neurons,Hsp90aa1
0.00104056845614342,0.191341625971603,0.439,0.385,1,Neurons,Ndufb2
0.00106666727032078,-0.290691090620384,0.334,0.379,1,Neurons,Mbd5
0.00107034452799473,0.202084043349822,0.121,0.084,1,Neurons,Amy1
0.00107330018528573,0.176551533630576,0.505,0.447,1,Neurons,Tecpr2
0.00109171915068528,0.164515122225022,0.24,0.188,1,Neurons,Nptxr
0.00112364998280558,0.198839525368374,0.644,0.596,1,Neurons,Rps7
0.00113617227211641,0.114605366602325,0.126,0.088,1,Neurons,Cacna1e
0.0011699148240969,0.142592508278604,0.337,0.279,1,Neurons,Ncor1
0.00123203876711012,0.191562496091957,0.3,0.244,1,Neurons,Adamts6
0.001238651476411,0.153080324348521,0.143,0.102,1,Neurons,Nrp2
0.00124630179020764,0.220279187846471,0.117,0.081,1,Neurons,Klb
0.00126443589730514,0.164369652244821,0.609,0.554,1,Neurons,C330021F23Rik
0.00131346715346082,0.110436752356823,0.173,0.129,1,Neurons,Timm10b
0.00131757405962515,0.262623430479755,0.189,0.146,1,Neurons,R3hdm2
0.00136473270119868,0.208531313632466,0.285,0.233,1,Neurons,Macrod2
0.00136596840423418,0.173566679809944,0.558,0.502,1,Neurons,Gm7536
0.00143841422739302,-0.203646311058145,0.186,0.234,1,Neurons,Immt
0.00146348260370168,-0.168450265224581,0.588,0.635,1,Neurons,Skp1a
0.00147951833281353,-0.224227719683798,0.487,0.521,1,Neurons,Gnao1
0.00151937129321451,0.163369611311243,0.741,0.712,1,Neurons,Rpl37
0.00152508322358062,-0.268462310186252,0.397,0.438,1,Neurons,9330111N05Rik
0.00158880528045667,-0.21626301442504,0.143,0.185,1,Neurons,Reep1
0.00159768327013418,0.210536549040382,0.159,0.118,1,Neurons,Rab12
0.00162125612931154,0.193408551926015,0.154,0.114,1,Neurons,Smg1
0.00174590183051596,0.214275095928086,0.261,0.213,1,Neurons,D230025D16Rik
0.00175731034032167,0.157311892570023,0.591,0.541,1,Neurons,Rps13
0.00176247096771339,0.153912967205383,0.105,0.072,1,Neurons,Ptpn12
0.00177193469125749,-0.220236920029036,0.101,0.138,1,Neurons,Gm6104
0.00181709419164987,0.187317318350905,0.239,0.192,1,Neurons,Ulbp1
0.00182504864753494,0.157886027983278,0.239,0.189,1,Neurons,Tbcb
0.00182808581101142,-0.153426558873016,0.895,0.917,1,Neurons,mt-Nd1
0.00183983855878789,0.222570661463434,0.175,0.134,1,Neurons,Zfp91
0.00188289121057824,0.236501955737814,0.12,0.085,1,Neurons,2010107G23Rik
0.00198422960555591,-0.194532639948282,0.118,0.157,1,Neurons,Plekhb2
0.00201148110135162,-0.184997378750491,0.088,0.121,1,Neurons,Ube2e1
0.00203850471608244,0.152012337604491,0.261,0.211,1,Neurons,Pcbd1
0.00209510553222686,0.154101541074075,0.168,0.126,1,Neurons,Fam35a
0.00209658961716083,0.167796326065155,0.431,0.372,1,Neurons,Ank3
0.00214783555657052,0.157810276011666,0.603,0.55,1,Neurons,Rps23
0.00216020497560898,0.178197527045549,0.192,0.149,1,Neurons,Hypk
0.00216914102965032,0.162134891827936,0.107,0.075,1,Neurons,Gm26384
0.00219542942258475,-0.319269651281652,0.201,0.24,1,Neurons,Tgoln1
0.00227185300745471,0.114497654922118,0.317,0.261,1,Neurons,Hnrnpm
0.00230353190804618,0.137524237299923,0.214,0.169,1,Neurons,Matk
0.00234186919909189,0.227192552235908,0.388,0.344,1,Neurons,Sart3
0.00234291805452887,-0.220670874412817,0.202,0.246,1,Neurons,Tcp1
0.00235959875376048,0.133896357391224,0.343,0.287,1,Neurons,Cplx2
0.00240989838297216,0.149594949733487,0.637,0.589,1,Neurons,Rpl32
0.00242903999335555,0.169572554961834,0.105,0.072,1,Neurons,Boll
0.00249596572038214,0.132344650639415,0.585,0.542,1,Neurons,Rpl36
0.00252079966846483,0.164081005838083,0.39,0.338,1,Neurons,Pnrc1
0.00252795418950078,0.173314437435769,0.277,0.225,1,Neurons,Oscp1
0.00253085675447886,0.165005193199084,0.125,0.09,1,Neurons,Erc1
0.00257931562045558,0.153348991878429,0.122,0.087,1,Neurons,Rbl1
0.00261144213053796,0.168139966662221,0.173,0.131,1,Neurons,Itsn2
0.00265404229480556,0.179888848372027,0.256,0.209,1,Neurons,N4bp2l1
0.00269517227461741,0.154713742930728,0.166,0.126,1,Neurons,2310036O22Rik
0.00270416836873764,0.18902351066364,0.393,0.339,1,Neurons,Gm5093
0.0027496193629204,-0.220764249858823,0.232,0.274,1,Neurons,Grcc10
0.00276735182130479,-0.238588632023924,0.161,0.201,1,Neurons,Dos
0.00280875339301973,0.14025229903582,0.204,0.159,1,Neurons,Eef1a2
0.00283648694506278,0.172057119996881,0.108,0.076,1,Neurons,Gm16178
0.00290489904630827,-0.154322343943351,0.667,0.693,1,Neurons,Gprasp1
0.00292153527708997,0.126352345792964,0.118,0.084,1,Neurons,Snhg1
0.0029387062697248,0.11248040379614,0.326,0.271,1,Neurons,Rgs17
0.00294525301187642,0.132230327462595,0.641,0.577,1,Neurons,Sfrs18
0.00295547399051073,-0.264236109239287,0.071,0.101,1,Neurons,Rab9b
0.0029568327566733,0.172986714730638,0.138,0.101,1,Neurons,Vps13a
0.003010195579677,0.15336003464743,0.555,0.503,1,Neurons,Snrnp70
0.00302599018504184,0.175225541653825,0.301,0.246,1,Neurons,Fxr1
0.00311359820751511,0.204409190157911,0.234,0.19,1,Neurons,Rbm17
0.0031207475037311,-0.164759103385533,0.39,0.436,1,Neurons,Gnl3l
0.00320926519205556,0.130923854169999,0.509,0.449,1,Neurons,Gnas
0.00331681096616652,0.132659688648065,0.195,0.152,1,Neurons,Rpl21-ps6
0.00332918274980073,-0.141802867555012,0.788,0.8,1,Neurons,Scg5
0.00335134524482838,0.154304356274632,0.687,0.653,1,Neurons,Rrm2b
0.00335421496406608,0.166238407230761,0.258,0.212,1,Neurons,Otud7a
0.00337267912914254,-0.218549520362131,0.428,0.456,1,Neurons,Tmem30a
0.0033970764385742,0.190360022089908,0.405,0.351,1,Neurons,Rpl36al
0.00349257725559207,0.169450677341349,0.17,0.129,1,Neurons,Mrpl11
0.00354388092068137,0.14504171464004,0.156,0.117,1,Neurons,Tctex1d2
0.00355136048264164,0.177712816491593,0.108,0.077,1,Neurons,Ppp1r15a
0.00355726535520014,0.163625140027881,0.229,0.185,1,Neurons,Hmgn3
0.00364301242508948,0.184875391662423,0.139,0.103,1,Neurons,Cep70
0.00378150393282533,0.18097454342569,0.132,0.097,1,Neurons,Atxn1
0.00383934189174744,0.14435530527676,0.161,0.122,1,Neurons,Xkr4
0.00390603243653563,-0.191192945214421,0.658,0.672,1,Neurons,Prnp
0.00396978675998934,0.149326743550936,0.206,0.164,1,Neurons,Rac1
0.00398738202454209,-0.12913258648625,0.16,0.199,1,Neurons,Apoe
0.00406287312281624,0.111953828373698,0.599,0.543,1,Neurons,Wbp5
0.00415565631254954,-0.200446413697116,0.207,0.251,1,Neurons,Cltc
0.00415802028329615,0.22046637589861,0.256,0.213,1,Neurons,Ncam2
0.00417050451662385,0.151533631692105,0.14,0.104,1,Neurons,Iws1
0.00421133735896554,-0.16469826706038,0.477,0.513,1,Neurons,Gpm6a
0.00438837359065839,0.200408659230703,0.267,0.219,1,Neurons,Negr1
0.00444560826464971,0.138022253541359,0.222,0.178,1,Neurons,Chordc1
0.00444568201593042,-0.168351308102418,0.253,0.296,1,Neurons,Actg1
0.00450726786549797,0.199522919529364,0.183,0.143,1,Neurons,Ogfrl1
0.00450977745521602,0.115415255818401,0.59,0.528,1,Neurons,Atp5g3
0.00454552795028541,0.167555045540637,0.188,0.148,1,Neurons,Mcfd2
0.00455031421743037,0.181918543500079,0.229,0.185,1,Neurons,Ppfia2
0.00458231444904848,0.113178864682062,0.757,0.742,1,Neurons,Rplp1
0.00463252875825209,0.15073117089238,0.191,0.152,1,Neurons,Ift81
0.00464451229946088,0.115162187066112,0.285,0.237,1,Neurons,Rabl6
0.00464857002319909,-0.156801188996205,0.086,0.117,1,Neurons,Smarce1
0.00465439973370234,0.165159832720968,0.408,0.354,1,Neurons,Akap8l
0.00470433012569568,0.114741175948893,0.101,0.071,1,Neurons,Rexo4
0.00476692005830536,0.197926055997287,0.205,0.164,1,Neurons,Scand1
0.00487663753697515,0.156447496459348,0.146,0.111,1,Neurons,Mrpl14
0.00492542964183497,0.138830200596968,0.696,0.645,1,Neurons,Ndufa4
0.00493009382493035,0.122448610458398,0.138,0.103,1,Neurons,Mob1b
0.00508012322840845,0.152941199459038,0.335,0.288,1,Neurons,Soga3
0.00531369726545529,0.140692329396074,0.407,0.357,1,Neurons,Gm11273
0.00547148940526539,0.220327415955274,0.107,0.078,1,Neurons,Rrnad1
0.00554326429018924,-0.205576940832573,0.083,0.114,1,Neurons,Rprd1a
0.00554814893907236,0.319824914535715,0.173,0.136,1,Neurons,Mgat4c
0.00564581176699946,0.191575091819953,0.396,0.345,1,Neurons,Ndufs6
0.00591106248626576,0.10620137502966,0.261,0.213,1,Neurons,Rbm3
0.0060106412187028,-0.234463526030683,0.544,0.562,1,Neurons,Maged1
0.00605149874996931,0.222601551704399,0.109,0.079,1,Neurons,2610019E17Rik
0.00617896556989108,0.131346616846049,0.413,0.357,1,Neurons,Psmb3
0.0063128502331345,0.119039614558579,0.129,0.095,1,Neurons,Mrpl46
0.0063438305036537,0.36239631335631,0.28,0.235,1,Neurons,Dlg2
0.00640131727896221,-0.200454539352753,0.195,0.232,1,Neurons,Dstn
0.00644377507078228,0.197177228276614,0.263,0.22,1,Neurons,2410006H16Rik
0.00645934400625122,0.15325809442077,0.271,0.225,1,Neurons,Nicn1
0.00647100439652742,-0.177273346367534,0.168,0.204,1,Neurons,Nrcam
0.00666112450824398,0.113466513144902,0.66,0.631,1,Neurons,Rps5
0.00668197239537597,0.173948481593126,0.218,0.18,1,Neurons,Ift20
0.00679089039573157,-0.223397667145996,0.139,0.174,1,Neurons,Hmgcs1
0.00688797770181708,0.153667203595488,0.234,0.193,1,Neurons,Mrpl21
0.0069081603661018,0.112530026821654,0.171,0.133,1,Neurons,Tnrc6c
0.00692606840849641,0.141376041301905,0.478,0.426,1,Neurons,Ndufb5
0.00693663885911422,0.118676540832663,0.624,0.567,1,Neurons,Gabarapl1
0.00697323953016384,0.180469806616636,0.146,0.113,1,Neurons,Dnajc21
0.0069863322123808,0.123018006108607,0.72,0.678,1,Neurons,Rpl11
0.00707447916552036,-0.506568236362087,0.074,0.101,1,Neurons,Tac1
0.00722130840254073,0.182239593075149,0.394,0.34,1,Neurons,Grm8
0.00725497603087664,0.157676868228106,0.112,0.083,1,Neurons,Brd7
0.00727327148642054,-0.231166567207249,0.116,0.149,1,Neurons,Plp1
0.00727765812861535,-0.249569268606042,0.142,0.176,1,Neurons,Tmem255a
0.00729775046988898,0.133494924293182,0.17,0.133,1,Neurons,Rbm26
0.00736551952337883,0.163308562908848,0.126,0.095,1,Neurons,Usp16
0.00742041020609006,-0.237182863838219,0.137,0.171,1,Neurons,Wdr6
0.00743407222287308,-0.149660540715307,0.08,0.109,1,Neurons,Rmdn3
0.00759633714463135,0.149624599010252,0.164,0.129,1,Neurons,Tln1
0.00761136068571208,0.144476354615835,0.515,0.467,1,Neurons,Ubl5
0.00768403893216812,0.177256576646771,0.406,0.362,1,Neurons,Luc7l2
0.00789260378118525,0.20147685528123,0.112,0.083,1,Neurons,RP23-32A8.1
0.00809494284403557,0.130176008580173,0.149,0.114,1,Neurons,Celf3
0.008138217915773,0.152091281265039,0.253,0.209,1,Neurons,Cdc5l
0.0083565366747882,0.171885363942187,0.105,0.077,1,Neurons,Aggf1
0.00837826164499599,-0.182618570092145,0.088,0.116,1,Neurons,Actr8
0.0086104741382982,-0.367285522426531,0.623,0.641,1,Neurons,Chgb
0.00866769620409959,0.141401609897533,0.541,0.5,1,Neurons,Rpl30
0.00872074554456325,0.139435795515086,0.398,0.35,1,Neurons,Acin1
0.00873427173369386,0.134816451877663,0.146,0.112,1,Neurons,Ccl27b
0.00879383877373534,-0.199264655665602,0.108,0.14,1,Neurons,Opa1
0.00888289959448959,0.11806701696154,0.311,0.26,1,Neurons,Gnb1
0.00888799370439716,0.167781526349915,0.187,0.151,1,Neurons,Bbs4
0.00901893198659219,0.102198875896902,0.19,0.15,1,Neurons,Ctxn2
0.00903893401525377,0.111220734246219,0.22,0.178,1,Neurons,Eml5
0.00904492398665588,0.192543594460325,0.138,0.107,1,Neurons,Lias
0.00909983012528404,0.146260954892166,0.141,0.109,1,Neurons,5730522E02Rik
0.00910560821136586,-0.239638376815077,0.133,0.164,1,Neurons,Plce1
0.009277957523978,0.105540238644635,0.252,0.209,1,Neurons,Kcnq5
0.00928704579710062,0.209063538883071,0.1,0.072,1,Neurons,Hba-a2
0.00941749881735837,0.138400241570773,0.105,0.077,1,Neurons,Pip5k1b
0.00942506313710008,-0.185568627723428,0.118,0.149,1,Neurons,Pcdh10
0.00944678985522736,0.152977331963279,0.469,0.422,1,Neurons,Trim2
0.00950928299857644,0.122393171416512,0.598,0.562,1,Neurons,Rps3a1
0.00952994178637913,0.153197446916151,0.331,0.286,1,Neurons,Ier3ip1
0.00957236885707806,-0.228719019491147,0.104,0.134,1,Neurons,Tob1
0.0096978528071411,-0.212783025356629,0.287,0.322,1,Neurons,Vcp
0.00970012949564499,0.100392591594969,0.333,0.283,1,Neurons,Oxct1
0.00982814938441881,0.101712423325396,0.195,0.155,1,Neurons,Cops8
0.009838246139864,0.152889437284625,0.534,0.481,1,Neurons,Tmem132d
0.0098453137567478,0.1477016395632,0.208,0.169,1,Neurons,Psmd8
0.009954808162119,0.135555169877959,0.135,0.104,1,Neurons,Mgea5
0.0100759425899184,-0.190625073458246,0.144,0.179,1,Neurons,Abhd12
0.0100811139712028,0.188104881634395,0.138,0.107,1,Neurons,Ube2e3
0.0102176582414501,-0.268250845400247,0.131,0.163,1,Neurons,Anxa5
0.0102281501237337,0.114138372489813,0.303,0.257,1,Neurons,Gm10275
0.010251634337491,-0.187670572197422,0.1,0.129,1,Neurons,Fto
0.0102833534141976,-0.228524042224885,0.081,0.107,1,Neurons,Extl2
0.0102900370647727,-0.150775012095393,0.342,0.376,1,Neurons,Btrc
0.0103659012240924,0.127039084220703,0.726,0.692,1,Neurons,Rps14
0.0103919171958026,0.157180639255235,0.124,0.095,1,Neurons,Adam2
0.0104303197846584,-0.182705440780455,0.159,0.192,1,Neurons,Bbs9
0.0104314164767457,0.202129982108709,0.1,0.073,1,Neurons,Grid1
0.0104369008713267,0.108359023394419,0.106,0.078,1,Neurons,Sp4
0.0105200710814688,0.12618760022649,0.336,0.29,1,Neurons,Kmt2e
0.0106901791638222,0.195820183407452,0.284,0.244,1,Neurons,Mapk10
0.0107557656824304,0.111701063061,0.522,0.472,1,Neurons,Rps20
0.010913183741331,0.333548002406914,0.252,0.215,1,Neurons,Ctnna2
0.0109232138909503,-0.230404505637528,0.229,0.264,1,Neurons,Ap2m1
0.0110110445333827,0.122390839120541,0.2,0.163,1,Neurons,Tmem57
0.0110627224542462,0.146115879374426,0.325,0.277,1,Neurons,Serp2
0.0110691096431966,0.137296927785274,0.445,0.403,1,Neurons,Gm15286
0.011345603357552,0.145114573522962,0.456,0.408,1,Neurons,Ndufb4
0.0113478233228313,0.14273600660883,0.238,0.2,1,Neurons,Amd1
0.011426358989674,0.153369091501308,0.197,0.16,1,Neurons,Ralgapa1
0.0114278791833882,-0.194690601893832,0.101,0.13,1,Neurons,Sept8
0.0115423705193475,0.135504248671407,0.117,0.088,1,Neurons,Vstm2l
0.0116372368772424,0.149404850591919,0.113,0.085,1,Neurons,Ash2l
0.0116871276110191,0.122640767236439,0.302,0.255,1,Neurons,Ptms
0.0117317313828815,-0.222093184804596,0.239,0.271,1,Neurons,Gstp2
0.0118863854800207,0.116243701344788,0.249,0.208,1,Neurons,Gripap1
0.012012527168422,-0.184128502074035,0.488,0.515,1,Neurons,Cd81
0.0121206172826343,0.139866968643926,0.113,0.085,1,Neurons,Sobp
0.0121404007056946,0.105655491066929,0.613,0.576,1,Neurons,Trpm4
0.0121706622448961,0.196990125819167,0.16,0.128,1,Neurons,Dnajc12
0.0121994137653436,-0.219689183491605,0.216,0.249,1,Neurons,Rab18
0.0122075104842572,-0.226299868376477,0.433,0.456,1,Neurons,Hspd1
0.0122411542131709,-0.13773582204632,0.538,0.571,1,Neurons,Rab2a
0.0123885697795169,-0.227723895664941,0.338,0.371,1,Neurons,Tubb3
0.0125259009256204,-0.184073533388247,0.273,0.311,1,Neurons,Capzb
0.0125722955021468,-0.125932889281987,0.697,0.708,1,Neurons,Ywhab
0.0126236402001239,0.14882656496809,0.272,0.233,1,Neurons,Zrsr1
0.0126349573814285,0.117980320913696,0.246,0.205,1,Neurons,Bscl2
0.0127029114049833,0.122378992884227,0.117,0.088,1,Neurons,Grip1
0.012784287699181,-0.176553744831072,0.122,0.153,1,Neurons,Slc25a46
0.0128875628053011,0.172878067549111,0.362,0.323,1,Neurons,Myo7a
0.012964650153555,-0.207899599363472,0.084,0.111,1,Neurons,Kcnc2
0.0130076780542612,0.14105550139086,0.19,0.155,1,Neurons,Rwdd2a
0.0130084683636537,-0.209976161869617,0.389,0.422,1,Neurons,Pura
0.0130475139982687,0.143840688863004,0.13,0.1,1,Neurons,D430019H16Rik
0.0130811632106127,-0.390463830510802,0.364,0.396,1,Neurons,Chga
0.0131010276892853,0.121398198878285,0.271,0.232,1,Neurons,Grina
0.0131498980949103,-0.151189898014907,0.105,0.135,1,Neurons,Btf3l4
0.0132520443867684,0.105120439950018,0.555,0.515,1,Neurons,Rps12
0.0132648008461618,0.125385200640516,0.28,0.24,1,Neurons,Hdgfrp3
0.013283662689608,-0.236910069663027,0.345,0.376,1,Neurons,Ftl1
0.013301294350575,-0.21199433918588,0.391,0.419,1,Neurons,Hnrnpa3
0.0135215444862617,-0.229054665242351,0.115,0.144,1,Neurons,Crbn
0.013601888809382,-0.201396027398415,0.19,0.223,1,Neurons,Dnajc10
0.0138959361241296,-0.132658331333429,0.103,0.132,1,Neurons,Tprkb
0.0139956438502521,0.210722984240521,0.193,0.159,1,Neurons,Calb2
0.0141804232959652,0.137336943062251,0.137,0.107,1,Neurons,Fam189a1
0.0142128163491703,0.103086312910588,0.122,0.093,1,Neurons,Fam193a
0.0142173492435389,0.100507226769968,0.139,0.108,1,Neurons,Lsm3
0.0143435266625692,0.11632555171119,0.621,0.587,1,Neurons,Rpl8
0.0147240500527639,0.159258753351929,0.157,0.126,1,Neurons,Tmem35
0.0147759271791938,0.114692501495621,0.104,0.077,1,Neurons,Rapgef2
0.014817180788532,0.19043311384581,0.173,0.142,1,Neurons,Auts2
0.0150351107573973,-0.196058010998793,0.197,0.232,1,Neurons,Ppp3r1
0.0151748114980786,0.140551488639394,0.134,0.104,1,Neurons,Slk
0.0151801439837055,-0.164973013136965,0.13,0.161,1,Neurons,Hsd17b4
0.0151821624250379,0.115794385238141,0.158,0.124,1,Neurons,Sdr39u1
0.015195838007497,0.167664472200474,0.17,0.137,1,Neurons,Ndufaf2
0.0153146172824761,0.111954218499687,0.151,0.118,1,Neurons,Dync1h1
0.0153492575983641,0.152759853806869,0.149,0.119,1,Neurons,Nlrc4
0.0153875281992876,0.113614409083278,0.55,0.508,1,Neurons,Uso1
0.015733525934576,-0.183365064634303,0.71,0.72,1,Neurons,Peg3
0.0157962178412986,-0.252847002452884,0.163,0.192,1,Neurons,Hlf
0.0161216350710957,-0.170234749096126,0.102,0.129,1,Neurons,Slc3a2
0.01613692927878,0.144532533969696,0.284,0.243,1,Neurons,Gm10146
0.0162478398795024,-0.151369568185592,0.083,0.109,1,Neurons,Nucb1
0.0163021655027739,0.120075700757807,0.119,0.091,1,Neurons,Smim19
0.0164137501606307,-0.160387674848226,0.142,0.175,1,Neurons,Chd3
0.0164480331192302,0.12050344745692,0.666,0.638,1,Neurons,Cox6a1
0.016508204865101,0.158280591951723,0.101,0.075,1,Neurons,Ago2
0.0166486207089667,0.107598397707199,0.138,0.107,1,Neurons,Rap2a
0.016725245191358,0.292047120698789,0.1,0.075,1,Neurons,Gucy1a3
0.0170097312723178,0.158006902425764,0.135,0.106,1,Neurons,Pbdc1
0.0171115407125606,0.126808916441273,0.618,0.577,1,Neurons,Gpr133
0.0171829210472613,0.166129463075892,0.171,0.14,1,Neurons,Sh3kbp1
0.0173114712270843,-0.137579579216123,0.088,0.114,1,Neurons,Gm14326
0.017419843802322,0.167195075987465,0.351,0.313,1,Neurons,Pomp
0.0174237144746507,-0.180079440989275,0.352,0.387,1,Neurons,Lrpap1
0.0175580233867793,0.107995446653539,0.549,0.499,1,Neurons,Luc7l3
0.0177400249779357,0.187323450040714,0.192,0.159,1,Neurons,Cspp1
0.0177561433407113,-0.16642521815738,0.156,0.188,1,Neurons,Tmem179
0.0177745590455927,0.130920009867363,0.139,0.109,1,Neurons,Tmem126a
0.0177878041405889,0.116666607912359,0.185,0.152,1,Neurons,Brd4
0.0178337568083192,0.126746173246427,0.369,0.321,1,Neurons,Timp2
0.0178635987608677,0.102634379257502,0.331,0.284,1,Neurons,Usp34
0.0178641401946156,-0.201069633897667,0.381,0.415,1,Neurons,Nedd4
0.0181116234880374,0.194413266613929,0.19,0.157,1,Neurons,Fam133b
0.0183841505570844,0.113569854814441,0.551,0.506,1,Neurons,Rps4x
0.0184372448430165,0.10537706061566,0.313,0.272,1,Neurons,2210013O21Rik
0.0187193501716999,0.165911405247658,0.336,0.297,1,Neurons,Snx10
0.0189357890978682,0.128353294497402,0.21,0.177,1,Neurons,Tmed9
0.0190155866971952,0.131965139310582,0.391,0.348,1,Neurons,Tcf12
0.0191681952850705,-0.138420721480029,0.094,0.121,1,Neurons,Serpini1
0.0196175614254937,0.106295020744281,0.375,0.334,1,Neurons,Rabep1
0.0196676802503316,0.111152229056335,0.413,0.363,1,Neurons,Sltm
0.0197161063158408,0.106604926663288,0.112,0.085,1,Neurons,Cpsf6
0.0197445333266016,0.165002142853398,0.589,0.547,1,Neurons,Ndufa13
0.0198471215541796,0.16171641004556,0.44,0.402,1,Neurons,Rpl18
0.0199942020044511,0.111641886933005,0.354,0.314,1,Neurons,Gm9493
0.0200577014484642,0.104841523163143,0.256,0.214,1,Neurons,Gtf2f1
0.0202322178729274,0.105439454973345,0.203,0.168,1,Neurons,Ccdc50
0.0202608191646905,0.126891983972566,0.121,0.094,1,Neurons,Mtfp1
0.0204416037100395,-0.186214011918861,0.328,0.362,1,Neurons,Vdac1
0.0204964538020853,0.168662224251719,0.413,0.371,1,Neurons,Btf3
0.0205713669634412,-0.250596857299887,0.204,0.233,1,Neurons,Ppp1r2
0.0206204261891303,0.106552386256902,0.144,0.115,1,Neurons,Gm10108
0.0206377527687849,0.12757755088151,0.113,0.087,1,Neurons,Zc3h6
0.0206579106056437,0.122243215221903,0.492,0.446,1,Neurons,Uqcr10
0.0208995547859329,0.178221980525287,0.112,0.086,1,Neurons,Unc5c
0.020964155302417,-0.198264718399515,0.149,0.178,1,Neurons,Pkia
0.021031677579236,0.105247101577882,0.159,0.127,1,Neurons,Cited1
0.0210418354302747,0.104627602018484,0.202,0.167,1,Neurons,Snrpb2
0.0211020780877728,0.158643644066763,0.123,0.096,1,Neurons,Gramd1b
0.0212576284816003,0.118267575571971,0.149,0.119,1,Neurons,Setd1b
0.0212790347914508,-0.16466583256286,0.084,0.108,1,Neurons,Gps1
0.0214268252341394,0.112014458318487,0.109,0.084,1,Neurons,Sart1
0.0215707256203714,-0.232227557523044,0.166,0.194,1,Neurons,Rbfox3
0.0216121816949405,0.133124743447896,0.198,0.164,1,Neurons,Tmem87b
0.0216180583684441,0.102117480697182,0.204,0.17,1,Neurons,Ptov1
0.0219867361636074,0.164731485252018,0.154,0.124,1,Neurons,Snhg7
0.0220002108237923,0.108867906646077,0.161,0.129,1,Neurons,Gtf2h1
0.0221531820276919,0.122049432442598,0.163,0.132,1,Neurons,Ing4
0.0223417235186624,0.133031685010152,0.343,0.303,1,Neurons,Arih1
0.0223679552164677,-0.163599803884755,0.317,0.347,1,Neurons,Faim2
0.0226750623025798,0.15465798741703,0.301,0.266,1,Neurons,Ssr4
0.0228498177940868,0.149974990270628,0.351,0.31,1,Neurons,Gad2
0.0229150464670183,0.135886413878275,0.244,0.211,1,Neurons,Manf
0.0229188427717172,-0.217891071053857,0.178,0.207,1,Neurons,Gm21811
0.023037743622142,0.156155011758624,0.103,0.079,1,Neurons,Yars
0.0232445175333801,0.13414724883552,0.14,0.111,1,Neurons,Ryr2
0.0232953494449399,0.101551712472899,0.173,0.143,1,Neurons,4930506M07Rik
0.0233857984007143,0.12509503099558,0.206,0.172,1,Neurons,Puf60
0.0236812247538217,0.105763425834085,0.11,0.084,1,Neurons,Ggt7
0.0241113010537917,0.121917275440954,0.626,0.579,1,Neurons,Rpl21
0.024144458113293,-0.161570507699129,0.089,0.115,1,Neurons,Mtfr1l
0.0243056446431281,-0.295057470920681,0.125,0.149,1,Neurons,Tmem47
0.0249420657306863,0.266517258425107,0.526,0.493,1,Neurons,Pcp4
0.0250330771713404,0.134358819091023,0.122,0.096,1,Neurons,Psme2b
0.0250368736407135,0.167226734608314,0.411,0.37,1,Neurons,Ndufb9
0.0253791870545989,0.139274538768111,0.205,0.172,1,Neurons,Prmt1
0.0254681339271546,0.108872862721309,0.202,0.169,1,Neurons,Psmb7
0.0260402885234834,0.131707736727266,0.267,0.228,1,Neurons,Chmp4b
0.0261339647842977,0.118797186184966,0.233,0.197,1,Neurons,Meaf6
0.0264297891048122,0.116091844294315,0.161,0.131,1,Neurons,Whsc1l1
0.026599901337249,0.137421031841078,0.53,0.49,1,Neurons,Uqcrh
0.0267491664407411,-0.138751238176688,0.602,0.621,1,Neurons,Sept7
0.026834534247059,-0.156106047986612,0.377,0.41,1,Neurons,Pea15a
0.0271275372959789,0.121482498991055,0.135,0.108,1,Neurons,Ryr3
0.0272440705703966,0.137985706879942,0.323,0.282,1,Neurons,Npdc1
0.0273139214398613,-0.200894682143349,0.238,0.267,1,Neurons,Gm21092
0.02745484389994,-0.183162323566386,0.25,0.279,1,Neurons,Hspa4l
0.0276534993146028,0.127392955911085,0.261,0.228,1,Neurons,Smchd1
0.0277933462732195,0.139071476014611,0.132,0.104,1,Neurons,Fstl4
0.0278682705357547,0.153335611112085,0.228,0.192,1,Neurons,Lphn3
0.0282540142887703,0.134453615541527,0.356,0.32,1,Neurons,Eif1b
0.0283166016316546,-0.11186758540899,0.706,0.732,1,Neurons,Cst3
0.0284928874672458,-0.220747617293593,0.211,0.243,1,Neurons,Tomm70a
0.0285882643704691,0.105170445192204,0.574,0.531,1,Neurons,Hnrnpu
0.0286779757948358,0.176525207419471,0.19,0.16,1,Neurons,Lamtor5
0.0287641776870433,0.161080791445472,0.141,0.114,1,Neurons,Plxdc2
0.0288482102333216,-0.19044054246859,0.196,0.224,1,Neurons,Slc30a9
0.0288862549688277,0.137627019742652,0.184,0.153,1,Neurons,Rpp21
0.0289101645928327,-0.210338902248159,0.105,0.128,1,Neurons,Pdha1
0.0289508161566908,-0.137235190780837,0.256,0.29,1,Neurons,Sdf4
0.0291517457310435,0.160596302971399,0.158,0.13,1,Neurons,Pin4
0.0291801010611251,0.214079168786595,0.163,0.133,1,Neurons,Mmd
0.0295651189028796,-0.177579236490487,0.135,0.162,1,Neurons,Slc25a39
0.0299198818515187,-0.183013920181336,0.406,0.433,1,Neurons,Snap47
0.0300868620580917,-0.174467510281384,0.401,0.426,1,Neurons,2410018M08Rik
0.0300945832191144,-0.122496202675418,0.624,0.647,1,Neurons,Ywhaz
0.030300348328588,0.116883736888585,0.114,0.089,1,Neurons,Ppp1r12c
0.0303969509533658,-0.126720024010437,0.454,0.485,1,Neurons,Morf4l2
0.0304047860893285,0.145966657833225,0.299,0.26,1,Neurons,Cyc1
0.0304100130293723,0.16678330384471,0.301,0.265,1,Neurons,Smarca5
0.0308728471778437,-0.214549231659868,0.093,0.115,1,Neurons,Abcf2
0.0312615607502102,0.154489896835601,0.251,0.219,1,Neurons,2610203C20Rik
0.032449792955223,0.16059386250606,0.145,0.118,1,Neurons,Nfasc
0.0325997456366898,0.124124523718794,0.217,0.183,1,Neurons,Supt4a
0.0327564960773592,0.107041737612663,0.149,0.121,1,Neurons,Emc9
0.0331825552475859,0.134529126418063,0.646,0.615,1,Neurons,Atp5j
0.0333042301490117,0.121761597876721,0.154,0.126,1,Neurons,Tgs1
0.0334595719607059,0.118550690311475,0.474,0.434,1,Neurons,Gm10269
0.0334671813793117,-0.199254267448687,0.088,0.109,1,Neurons,Trim32
0.0337331357379372,0.108424157352537,0.152,0.123,1,Neurons,Ufsp2
0.0338748732816806,0.10060611649686,0.106,0.082,1,Neurons,Pisd
0.0340519963406595,0.140860000364428,0.169,0.14,1,Neurons,2010012O05Rik
0.034075827401071,0.175540288069652,0.249,0.219,1,Neurons,Ctcf
0.0341800527412252,-0.221333154625228,0.216,0.242,1,Neurons,Vps35
0.0344744147440084,0.132707623127106,0.202,0.17,1,Neurons,Ubn2
0.0347830772117817,0.132581716089064,0.245,0.211,1,Neurons,Cadps
0.0351185183286647,-0.185965823966575,0.115,0.139,1,Neurons,Mrpl32
0.035251503593484,-0.168867174064758,0.355,0.377,1,Neurons,Gm10036
0.0356459378913992,0.109222008620213,0.681,0.641,1,Neurons,Rps19
0.0357526940958438,0.141995241540035,0.141,0.115,1,Neurons,Nlk
0.0358923526944869,0.104829995491801,0.289,0.251,1,Neurons,Wasl
0.0360273983015837,0.193109477295669,0.158,0.132,1,Neurons,Pcgf5
0.0360662714078662,0.169576779567341,0.14,0.114,1,Neurons,Epb4.1l1
0.0361847928445899,-0.179914918525703,0.144,0.171,1,Neurons,Ssr3
0.0364663374558832,0.150040701783622,0.112,0.089,1,Neurons,Tmf1
0.0364986359978101,0.153742203397957,0.128,0.104,1,Neurons,Mid1ip1
0.0367804369851829,-0.199657082957098,0.164,0.192,1,Neurons,Atf2
0.0368145513788285,0.105808026231878,0.678,0.646,1,Neurons,Rpl9
0.0369655536048582,-0.14759704163287,0.508,0.53,1,Neurons,Dynll2
0.0370281605369926,0.125090504600798,0.448,0.415,1,Neurons,Rpl36a
0.0373091233390245,-0.121807110769862,0.18,0.208,1,Neurons,Apoa1bp
0.0375684715794541,0.11982445967468,0.3,0.263,1,Neurons,Rock2
0.0376279295314615,0.10954823998218,0.108,0.085,1,Neurons,Cdc27
0.0376570379189854,0.16265058847832,0.149,0.124,1,Neurons,Mat2b
0.0376852972081003,0.137843681452907,0.135,0.109,1,Neurons,Ube2h
0.0378309949400712,-0.269130136994958,0.124,0.146,1,Neurons,H3f3a
0.0379330006006203,0.126655684584312,0.163,0.133,1,Neurons,Arl4a
0.0383005815359353,0.106787612828228,0.105,0.082,1,Neurons,Rnaseh2c
0.0383362387849682,0.110945291694568,0.127,0.102,1,Neurons,Eif2s3y
0.0383703270113645,0.11612349787301,0.258,0.223,1,Neurons,Ccdc88a
0.0384043186169865,0.106644581543158,0.611,0.574,1,Neurons,Syt1
0.038877789695824,-0.181086805172024,0.134,0.159,1,Neurons,Paf1
0.0396013010109271,-0.125923860211713,0.091,0.114,1,Neurons,Itpr1
0.0398077316805386,0.101446994041837,0.171,0.142,1,Neurons,Mblac2
0.0401642423757955,-0.142102993457724,0.617,0.632,1,Neurons,Matr3
0.0402086701017771,0.10495158008398,0.102,0.08,1,Neurons,Sec61a2
0.0404174080268629,0.125530757112326,0.147,0.12,1,Neurons,Psmb10
0.0405396912229737,-0.146191222641296,0.331,0.359,1,Neurons,Capza2
0.040711925617246,0.169152760238874,0.108,0.086,1,Neurons,Gatsl2
0.0408454106134144,-0.195001209792491,0.202,0.231,1,Neurons,Ssr1
0.040873896401267,-0.194715350719382,0.218,0.246,1,Neurons,Gm6483
0.0408980565515719,-0.233093574808417,0.156,0.181,1,Neurons,Hmgb3
0.0411932793545618,0.14006846962064,0.101,0.079,1,Neurons,Ccnt2
0.0412837477073956,-0.156608281051376,0.463,0.486,1,Neurons,Pkm
0.0416390226935167,0.138703420361033,0.21,0.18,1,Neurons,Tmem91
0.041651125627743,0.165477509443693,0.148,0.123,1,Neurons,Cacna2d3
0.0417540209956,0.166536586494173,0.132,0.108,1,Neurons,Nr2f2
0.0417683844724642,0.144204459264232,0.168,0.143,1,Neurons,Dlg4
0.0419222089914759,0.152618782676822,0.24,0.211,1,Neurons,Rnf216
0.0421155447895574,-0.107374944968985,0.761,0.78,1,Neurons,Tuba1a
0.0422230587566167,-0.134338058509298,0.119,0.143,1,Neurons,Timm23
0.0425731793753419,0.13551941363411,0.12,0.096,1,Neurons,Cdk4
0.0425751487071538,-0.189846867799519,0.338,0.358,1,Neurons,Psmc5
0.0427191397623419,-0.148757014535204,0.098,0.121,1,Neurons,Zmym2
0.0437304663070804,0.102631960288768,0.252,0.22,1,Neurons,Chchd1
0.0437619999746001,-0.178558842208866,0.158,0.185,1,Neurons,Arxes1
0.0439851744777979,0.103216040445185,0.267,0.234,1,Neurons,Ddx1
0.0447744041546392,0.123588995203227,0.21,0.183,1,Neurons,Glrx3
0.0450334010399599,0.129387925294291,0.154,0.129,1,Neurons,Aak1
0.0451271504612854,0.204297529656325,0.585,0.543,1,Neurons,Ube3a
0.0457197349680792,0.112223517094456,0.122,0.098,1,Neurons,Kansl1
0.0464249336967364,0.195580256109676,0.121,0.098,1,Neurons,Cntnap5a
0.0465127552105054,-0.148927089307022,0.124,0.149,1,Neurons,Tm9sf2
0.0467414471457636,0.140419907394769,0.159,0.133,1,Neurons,Cwf19l2
0.0468113041626766,-0.214397099643565,0.183,0.209,1,Neurons,Dzank1
0.0469411963569789,0.229080522531154,0.192,0.164,1,Neurons,Il1rapl1
0.0470150774920003,-0.178189374854931,0.125,0.148,1,Neurons,Agtpbp1
0.0472554187549743,0.112045223726902,0.117,0.094,1,Neurons,Smndc1
0.0472750560685743,0.123735678949234,0.162,0.135,1,Neurons,Polr3gl
0.0476647461008624,0.136683147392557,0.124,0.101,1,Neurons,Adam23
0.0477532735603931,0.120538708680842,0.118,0.095,1,Neurons,Dirc2
0.0480112421771276,0.112185144940066,0.125,0.102,1,Neurons,Twistnb
0.0481635263532713,-0.174765305916028,0.256,0.282,1,Neurons,Eno1
0.0482761616010986,-0.115040528578099,0.132,0.158,1,Neurons,Ubqln2
0.0483020189886736,-0.11927066443807,0.295,0.322,1,Neurons,Eef2
0.0486129473411131,-0.139645614911537,0.149,0.173,1,Neurons,Cuta
0.0486299932952287,-0.185129624830665,0.301,0.328,1,Neurons,Scd2
0.0486790875540777,0.179170493626685,0.131,0.108,1,Neurons,Snhg9
0.0486953672199926,0.186244304883247,0.195,0.169,1,Neurons,Gls
0.0487257130267872,-0.186637894552996,0.105,0.127,1,Neurons,Utp11l
0.0510727496898854,0.106380613633286,0.155,0.128,1,Neurons,Ndufaf3
0.0513272445518058,-0.128157190325376,0.11,0.133,1,Neurons,Lamtor3
0.051386384470053,0.149028799462325,0.412,0.376,1,Neurons,St13
0.0515870400586973,0.114620855274557,0.131,0.107,1,Neurons,BC029214
0.0518459366994287,0.119928923197836,0.168,0.143,1,Neurons,Zc3h7a
0.0518826801415194,-0.198199789794051,0.124,0.146,1,Neurons,Chst1
0.0519929854210465,-0.185911349279847,0.12,0.14,1,Neurons,Fbxl13
0.0520555511264674,0.136508737263608,0.367,0.334,1,Neurons,Fis1
0.05226759310964,0.127068033985826,0.419,0.391,1,Neurons,Kif5c
0.0525129654414401,-0.139265424420985,0.109,0.132,1,Neurons,Lztfl1
0.0530145680257529,-0.225958733273258,0.104,0.124,1,Neurons,Rpl29
0.0540030179970042,-0.120597668320778,0.084,0.105,1,Neurons,Hif1a
0.0549982666854946,-0.125443966851931,0.091,0.112,1,Neurons,Rap1gds1
0.0554401199547647,-0.189353751985337,0.331,0.356,1,Neurons,Reep5
0.0561495061558304,0.116075114879741,0.211,0.183,1,Neurons,Leo1
0.0562344602892657,-0.12054875909847,0.572,0.594,1,Neurons,Ckb
0.0563338370730652,-0.148489642095744,0.17,0.197,1,Neurons,Gm5499
0.0566436721438484,-0.118090190530633,0.095,0.116,1,Neurons,Ube2v2
0.0567683448283052,0.171526630215113,0.129,0.107,1,Neurons,Lrrc7
0.0573194286808273,0.108670772790128,0.223,0.194,1,Neurons,Safb2
0.0575079347204636,-0.202753595869442,0.18,0.205,1,Neurons,Plaa
0.0575765087441209,0.144906647153153,0.244,0.215,1,Neurons,Cds2
0.0577714479210259,-0.16170233020665,0.238,0.262,1,Neurons,Anapc5
0.0578598581151853,-0.169547483075981,0.382,0.405,1,Neurons,Rufy3
0.0579041345675224,0.101237451042568,0.718,0.684,1,Neurons,Rps29
0.0581335233730632,0.160255039983707,0.129,0.107,1,Neurons,Zfp280d
0.0589898748615603,0.100478750694425,0.172,0.146,1,Neurons,Ncoa1
0.0590093537076876,0.11586793892439,0.108,0.087,1,Neurons,Ngdn
0.0594086399317882,0.124119808317043,0.245,0.214,1,Neurons,Apc
0.0596287211506905,-0.127030389852177,0.091,0.112,1,Neurons,Impdh2
0.0597263645525178,0.120824513286744,0.325,0.293,1,Neurons,Denr
0.0600834644520244,-0.174454921488172,0.304,0.33,1,Neurons,C130026I21Rik
0.0602451432738053,0.122894086920197,0.183,0.156,1,Neurons,Nup210l
0.0606493768180459,0.111023471714646,0.171,0.145,1,Neurons,Tmed4
0.0607130870273617,-0.150064363798109,0.246,0.273,1,Neurons,Pcbp2
0.0607994051505636,0.101046011391713,0.112,0.089,1,Neurons,Arl4c
0.0610562296646807,0.116315509689086,0.34,0.308,1,Neurons,Cetn3
0.0613199009644424,0.100667755345258,0.152,0.127,1,Neurons,Ubxn6
0.0614030820055545,-0.14893361872731,0.134,0.158,1,Neurons,Syt10
0.0616035037524543,0.124216060970712,0.214,0.187,1,Neurons,Prkce
0.0616383697884759,-0.106917641256427,0.261,0.291,1,Neurons,Atp5g2
0.0619126953525608,0.139144853774865,0.295,0.265,1,Neurons,Adsl
0.0626064432315712,0.190751298922023,0.142,0.12,1,Neurons,Sfswap
0.0627459662407482,0.106400209417366,0.11,0.089,1,Neurons,Apoo-ps
0.0633679348263094,-0.176874192495159,0.29,0.314,1,Neurons,Dpysl2
0.0637948354694716,-0.116158404480082,0.124,0.148,1,Neurons,Zscan26
0.0639639190768282,0.113572935203037,0.129,0.107,1,Neurons,Manbal
0.0643002565641391,0.128465091316659,0.117,0.095,1,Neurons,Pxk
0.0655590620510826,-0.132385734382508,0.107,0.128,1,Neurons,Atp1b2
0.0656021740274225,0.113316708948764,0.113,0.092,1,Neurons,Gnaz
0.0662739536677257,-0.151756647225362,0.082,0.101,1,Neurons,Fam3c
0.0664266686377893,0.108292474624631,0.105,0.085,1,Neurons,Olfm3
0.0666976939826216,0.236410218195972,0.149,0.127,1,Neurons,Frmd4a
0.0667570079985722,0.229488956534625,0.199,0.175,1,Neurons,Grid2
0.0669397097486659,0.189537506508341,0.154,0.132,1,Neurons,Dscam
0.0669833871152547,-0.17144869370541,0.121,0.142,1,Neurons,Tpd52
0.067449587307745,-0.132814224786105,0.198,0.223,1,Neurons,Pcdhga9
0.0676965757618794,0.171899538907907,0.213,0.189,1,Neurons,Ip6k1
0.0680251704056326,-0.132670537242976,0.102,0.124,1,Neurons,Tusc2
0.0683131573858564,0.114670035091584,0.107,0.087,1,Neurons,Prkar2a
0.0686001769223337,-0.203580239190763,0.171,0.195,1,Neurons,Copg1
0.0691518718246985,-0.100797204166427,0.304,0.331,1,Neurons,Ash1l
0.0693104346712023,-0.158151441910509,0.355,0.378,1,Neurons,Fam115a
0.0693216815790039,-0.135242054041043,0.315,0.341,1,Neurons,Pnck
0.070105981736147,-0.134205945435388,0.162,0.185,1,Neurons,Aktip
0.070112022328086,-0.115514593744263,0.474,0.496,1,Neurons,Psip1
0.0704152728976676,0.151670353976064,0.273,0.248,1,Neurons,Eml6
0.0709535235551568,-0.192512311674529,0.106,0.127,1,Neurons,Brms1l
0.0713317106750286,-0.194271239213782,0.119,0.141,1,Neurons,Gabbr2
0.071603404428713,-0.112946797215998,0.433,0.462,1,Neurons,6030443J06Rik
0.0716890264056948,-0.136107442903319,0.183,0.206,1,Neurons,Itfg1
0.071741993080899,-0.162727489593045,0.087,0.107,1,Neurons,Tpp2
0.072589272257393,-0.126057793688917,0.407,0.429,1,Neurons,Prkar1a
0.0733949558161192,0.115666526925162,0.161,0.135,1,Neurons,Fpr3
0.0735436141540879,0.120193110487366,0.129,0.108,1,Neurons,Cdk13
0.0736608655977548,-0.165132817692366,0.629,0.64,1,Neurons,Pgrmc1
0.0740730860345459,-0.175316462622694,0.444,0.461,1,Neurons,Pld3
0.0742362337673112,0.113709057750496,0.338,0.305,1,Neurons,A230006K03Rik
0.0743260633290234,-0.144487134166423,0.301,0.327,1,Neurons,Fam32a
0.0746212647989333,-0.154152199708467,0.207,0.23,1,Neurons,Sdcbp
0.0747849157872381,-0.114063811897515,0.347,0.375,1,Neurons,Tpm3-rs7
0.0747975526366886,0.102377341990704,0.177,0.152,1,Neurons,Ccdc85b
0.0751017778902236,0.137003236298601,0.107,0.087,1,Neurons,Actr1b
0.0753998673504056,-0.167809372189963,0.256,0.281,1,Neurons,Ptplad1
0.0756450732277988,-0.179960986905222,0.112,0.132,1,Neurons,Arhgef28
0.0757200674139034,0.224919324333605,0.221,0.195,1,Neurons,Kcnd2
0.0762785155697408,-0.152401885252873,0.48,0.496,1,Neurons,Psap
0.0766149837954015,-0.165247474359965,0.253,0.275,1,Neurons,Cdc123
0.077852702899276,0.133187147046612,0.139,0.117,1,Neurons,Pdpk1
0.0778848640541901,0.132120220393564,0.177,0.152,1,Neurons,Mrpl54
0.0789160098093384,-0.134713890288311,0.186,0.211,1,Neurons,Mtpn
0.0791021332165655,0.165687249879055,0.278,0.249,1,Neurons,Hnrnph3
0.0796905846891969,0.11866954562104,0.142,0.119,1,Neurons,Rsph9
0.0800155397275119,-0.130547482234644,0.105,0.124,1,Neurons,Akap17b
0.0807547347961724,0.106649562124879,0.252,0.223,1,Neurons,Taok3
0.0818508058101814,-0.135728709749418,0.234,0.259,1,Neurons,Pcnp
0.0819730797434405,0.12218856670022,0.11,0.089,1,Neurons,Ppp1r12b
0.083350147169875,-0.165677793370836,0.173,0.195,1,Neurons,Ypel5
0.0841383757065424,-0.192899593321743,0.345,0.362,1,Neurons,Clu
0.0852296709854478,0.190135945688499,0.18,0.157,1,Neurons,Sgcz
0.0858827271705468,0.169257452319181,0.113,0.095,1,Neurons,Fdx1l
0.0859083364791563,-0.186746784152269,0.136,0.156,1,Neurons,Bhlhb9
0.086702021458047,-0.191850802108261,0.197,0.217,1,Neurons,Cd99l2
0.0873036958680064,-0.126563490956283,0.123,0.144,1,Neurons,Fbxo11
0.0875616516372158,0.168973090611271,0.154,0.133,1,Neurons,Eri3
0.0880142080619653,0.10620355547859,0.207,0.181,1,Neurons,Phf20l1
0.0885185063621094,-0.126056822913466,0.12,0.14,1,Neurons,Srp54a
0.0886441089131892,-0.14520700595367,0.171,0.194,1,Neurons,B3gnt1
0.0889819142458366,-0.142231122293635,0.48,0.496,1,Neurons,Kif21a
0.0891402385710703,0.10525996859235,0.265,0.236,1,Neurons,Grik2
0.0892161150131499,-0.17728291017582,0.132,0.152,1,Neurons,Lhfpl4
0.0892644035560965,0.120946155575315,0.111,0.092,1,Neurons,Sh3glb1
0.0897494053476595,-0.149707627281225,0.388,0.408,1,Neurons,Arl3
0.090162515284823,-0.106359079693192,0.085,0.103,1,Neurons,Zfp644
0.0902915462958311,-0.161195106014427,0.232,0.254,1,Neurons,Tspyl4
0.0908161609845331,-0.185160131632076,0.156,0.177,1,Neurons,Appbp2
0.0924788900865116,-0.126047623568834,0.108,0.127,1,Neurons,Rnf6
0.0935655073108802,-0.115124663806428,0.09,0.109,1,Neurons,Tln2
0.0936627367664697,-0.149816618854512,0.096,0.114,1,Neurons,Wtap
0.0941893830505995,-0.300309647805478,0.097,0.113,1,Neurons,Gstm1
0.0942291150305377,-0.141833689150587,0.183,0.206,1,Neurons,Eif1a
0.0957228802320442,-0.142349730643474,0.109,0.128,1,Neurons,Anapc4
0.0981454256042253,-0.133671965548049,0.434,0.453,1,Neurons,Tubb2b
0.098473140970195,-0.104365264687298,0.277,0.3,1,Neurons,Usp14
0.0988947339999504,0.137404713653697,0.117,0.098,1,Neurons,Ebpl
0.0990214093569144,0.179621754101467,0.292,0.263,1,Neurons,Pcdh9
0.0998116972639143,0.115554766571544,0.309,0.282,1,Neurons,Prpf4b
0.100538903094521,0.113036046863033,0.219,0.194,1,Neurons,1110001J03Rik
0.100662450634485,-0.100702593599337,0.162,0.184,1,Neurons,Snx2
0.101420345140279,0.10903566057106,0.215,0.19,1,Neurons,Supt6
0.10147565352942,0.106419877328348,0.106,0.089,1,Neurons,Ift52
0.101510663140241,-0.123596211251642,0.17,0.192,1,Neurons,Vimp
0.10184933428229,-0.154463259693063,0.093,0.11,1,Neurons,Zmat1
0.10188180388828,-0.182337137694403,0.336,0.357,1,Neurons,Ppp3ca
0.102374309522239,0.13018777434841,0.287,0.26,1,Neurons,Gm26951
0.102875527431468,-0.119283295605724,0.181,0.203,1,Neurons,Cadm3
0.103278769969062,0.144523766515709,0.159,0.139,1,Neurons,Slu7
0.104282714368369,0.119345144186653,0.109,0.092,1,Neurons,Max
0.10435251840237,0.12269192789951,0.193,0.169,1,Neurons,Pde4dip
0.104512805993379,0.169390797400789,0.123,0.104,1,Neurons,Trpm7
0.105077926719558,0.112519165096309,0.125,0.106,1,Neurons,Creb3
0.105090920878637,0.11127797495261,0.129,0.109,1,Neurons,Stoml2
0.10561954706192,0.124752531391626,0.134,0.115,1,Neurons,Hist3h2ba
0.105643176764194,0.137096419139368,0.244,0.219,1,Neurons,Gkap1
0.106227564548121,-0.141402869162135,0.095,0.112,1,Neurons,Fbxo25
0.106559363675346,-0.121152322019117,0.476,0.488,1,Neurons,Eno2
0.106648886396553,0.102753633498168,0.35,0.322,1,Neurons,Uqcc2
0.106867285750405,-0.113320052767695,0.09,0.107,1,Neurons,Clpx
0.107118746982922,-0.112634643133033,0.491,0.515,1,Neurons,Mrfap1
0.107394734070021,-0.128269042803758,0.299,0.32,1,Neurons,Sumo2
0.109323471074059,-0.146780791555158,0.385,0.403,1,Neurons,Csde1
0.10979681043504,-0.184996238021328,0.3,0.317,1,Neurons,Ccdc47
0.10984945906393,-0.159781488365815,0.087,0.104,1,Neurons,Zfp260
0.109925976483854,0.238131882899216,0.151,0.132,1,Neurons,Nrgn
0.111122984301162,-0.108108613007391,0.091,0.108,1,Neurons,Fbxl16
0.111713738628516,0.129121304711503,0.102,0.086,1,Neurons,Ppp1r21
0.112251263682007,-0.225630332067754,0.124,0.141,1,Neurons,L1cam
0.113551575425968,0.119124825607662,0.124,0.105,1,Neurons,Uba2
0.114041265635204,-0.102892736678537,0.305,0.328,1,Neurons,Atp6v1c1
0.114238857890967,-0.175476903785935,0.331,0.346,1,Neurons,Ndufa10
0.114312536447085,-0.161880100586296,0.098,0.115,1,Neurons,Rnf13
0.114564507736947,-0.1518509401526,0.101,0.119,1,Neurons,Gabrg1
0.115571905263854,-0.15494712078913,0.117,0.134,1,Neurons,Dctn1
0.115906264613092,-0.11131418626194,0.241,0.267,1,Neurons,Tatdn1
0.116693470672071,-0.149819033634842,0.105,0.123,1,Neurons,Tef
0.118415444518334,0.117962914827382,0.137,0.118,1,Neurons,Mkln1
0.118654506394769,0.126999043578128,0.364,0.338,1,Neurons,Dhx32
0.119577973974989,0.168154612848758,0.162,0.141,1,Neurons,Pde4b
0.119593173212074,0.120422519499782,0.103,0.087,1,Neurons,Plxna4
0.119867174653257,0.120272009672414,0.119,0.102,1,Neurons,Ccnc
0.120451927283518,-0.168816202480322,0.222,0.243,1,Neurons,Actr2
0.120688489095752,-0.174293301859602,0.794,0.797,1,Neurons,Scg2
0.120789923935778,-0.173048575879867,0.393,0.402,1,Neurons,Tulp4
0.120827701058395,0.132533346799512,0.394,0.37,1,Neurons,Ube2k
0.121754026954144,-0.203803388261347,0.262,0.277,1,Neurons,Hspa9
0.121823307572165,-0.1826623517518,0.143,0.161,1,Neurons,Acadsb
0.121888792002744,-0.139763634962468,0.198,0.219,1,Neurons,Gm10282
0.122614806393302,0.151343404565844,0.176,0.156,1,Neurons,Sptan1
0.12371023179887,-0.146555834473425,0.109,0.126,1,Neurons,Rab5a
0.123835016602454,-0.100022808163564,0.167,0.189,1,Neurons,Arhgdia
0.124791713968152,-0.150513638769764,0.131,0.149,1,Neurons,Gtf2b
0.125438533599256,0.113296540759932,0.147,0.128,1,Neurons,Cep290
0.125603789073173,0.109471554830519,0.157,0.137,1,Neurons,4932438A13Rik
0.125783989341445,0.268458342377991,0.1,0.085,1,Neurons,Lmo4
0.126125713581638,-0.118377588926675,0.159,0.18,1,Neurons,Eef1e1
0.126998150217354,0.120500518096637,0.277,0.25,1,Neurons,Pde4d
0.127499622445769,-0.124313463427747,0.141,0.159,1,Neurons,Smc5
0.127887039899938,0.165559646815705,0.446,0.414,1,Neurons,Nrxn3
0.128061622824919,-0.12813080304919,0.239,0.26,1,Neurons,Trim37
0.128092452800675,-0.106904478671715,0.091,0.107,1,Neurons,Camk1d
0.128712652998456,-0.109441474735743,0.093,0.109,1,Neurons,Rnf167
0.128765933116529,0.109922215968597,0.361,0.334,1,Neurons,U2surp
0.128785077867645,-0.184037302105162,0.242,0.26,1,Neurons,Acsl3
0.129158662430571,-0.125806107247993,0.114,0.132,1,Neurons,Btbd10
0.129270554229598,-0.124265459128287,0.255,0.274,1,Neurons,Psmb5
0.129484630212913,-0.138888940142686,0.135,0.155,1,Neurons,Ubr3
0.129837194810925,-0.135791753667645,0.145,0.163,1,Neurons,BC005537
0.130351750900246,-0.164636871629941,0.144,0.162,1,Neurons,Pgam1
0.130398160140904,0.145109107851638,0.137,0.12,1,Neurons,Kcnip1
0.130472726618288,-0.102836100730065,0.179,0.2,1,Neurons,Enpp5
0.130516859866559,-0.100200036108667,0.108,0.126,1,Neurons,Cys1
0.130757703744322,0.112070161567824,0.103,0.087,1,Neurons,G3bp1
0.131219975808375,-0.167831021307299,0.102,0.118,1,Neurons,Snx16
0.131678333219704,-0.158164863405232,0.183,0.203,1,Neurons,Cnih1
0.131709112396434,-0.158247730329311,0.303,0.318,1,Neurons,Ghitm
0.131750993287891,-0.14748507847734,0.306,0.324,1,Neurons,Scn2a1
0.132244858456092,-0.131482392424533,0.157,0.177,1,Neurons,Tuba4a
0.132311204368184,-0.115070123274583,0.178,0.2,1,Neurons,Zfand6
0.132862320119337,-0.175721664078783,0.15,0.166,1,Neurons,Igsf8
0.133906774777794,-0.179052334758481,0.169,0.146,1,Neurons,Btg2
0.134814791999381,-0.217774018364513,0.205,0.22,1,Neurons,Phyh
0.135194369361252,-0.104433122160411,0.173,0.194,1,Neurons,Clstn1
0.135630051082027,-0.176087357831479,0.143,0.16,1,Neurons,Zbtb7a
0.135642977650472,0.228907711835151,0.173,0.153,1,Neurons,Cntn5
0.135780528417399,-0.198625817314373,0.348,0.359,1,Neurons,Sumo1
0.135906256826826,-0.113901796534674,0.27,0.288,1,Neurons,Fyttd1
0.136141705876714,-0.159284408500127,0.134,0.151,1,Neurons,Prune2
0.136377404462904,-0.100707819725804,0.745,0.728,1,Neurons,Gap43
0.137320641416377,-0.162935841709039,0.359,0.371,1,Neurons,2700089E24Rik
0.137638323272369,0.135636968079788,0.114,0.098,1,Neurons,Ambra1
0.138162285006337,0.114682040555994,0.185,0.163,1,Neurons,Ndufv1
0.139192741683448,-0.167151522009538,0.292,0.307,1,Neurons,Hspa4
0.139495694703161,0.378859302657165,0.166,0.149,1,Neurons,Lrrtm4
0.139690071206271,0.111836687523038,0.148,0.13,1,Neurons,Adar
0.140286092284952,0.183298200198203,0.171,0.152,1,Neurons,Cpne4
0.140562195903136,-0.12308272436829,0.474,0.493,1,Neurons,Sqstm1
0.140698653808908,0.116657517691982,0.192,0.172,1,Neurons,Supt5
0.141688772507676,-0.112161831146959,0.112,0.129,1,Neurons,Tpgs2
0.141846711535987,-0.135516191963645,0.384,0.405,1,Neurons,Nsf
0.142080534525837,0.122025966648626,0.166,0.147,1,Neurons,Mrps24
0.142378899138578,0.11710486747494,0.135,0.118,1,Neurons,Xiap
0.142447520615862,-0.106294521129728,0.09,0.106,1,Neurons,Pls3
0.143670250768361,0.121619773864093,0.115,0.098,1,Neurons,Zeb1
0.143748235880771,-0.102853754175783,0.089,0.105,1,Neurons,Zer1
0.146622652431408,-0.141214788355655,0.29,0.309,1,Neurons,Os9
0.148334905694143,-0.171342421665682,0.139,0.155,1,Neurons,Etf1
0.14948414147625,-0.137111901715528,0.169,0.186,1,Neurons,Cops2
0.150475946969157,-0.101943834191478,0.652,0.658,1,Neurons,Ubc
0.152526350627718,-0.103462552402389,0.291,0.313,1,Neurons,Gstm5
0.154535556329576,-0.135771801090841,0.171,0.189,1,Neurons,Jak1
0.156008187284474,-0.113517638556579,0.217,0.237,1,Neurons,Glg1
0.157266676101752,-0.170703368307359,0.142,0.158,1,Neurons,Spidr
0.157453100018619,-0.146064664618047,0.178,0.195,1,Neurons,Spryd7
0.157804055878233,-0.144247306669496,0.209,0.226,1,Neurons,Ttc1
0.157961569715445,0.17740001441004,0.136,0.119,1,Neurons,Arid5b
0.158206932635067,-0.128780500482081,0.186,0.204,1,Neurons,Rfk
0.158263499454388,0.118759175024364,0.124,0.107,1,Neurons,Mafg
0.160115384675532,-0.161613510834132,0.248,0.26,1,Neurons,Tm9sf3
0.160249952579351,-0.113642152557245,0.176,0.196,1,Neurons,Cops4
0.160378029649449,-0.10200336602204,0.126,0.142,1,Neurons,Riok3
0.160935004388068,-0.103124366928399,0.088,0.102,1,Neurons,Prkca
0.161298053235471,-0.104353271026975,0.164,0.183,1,Neurons,Ddx3y
0.1614093772474,-0.183456890706335,0.207,0.223,1,Neurons,Yme1l1
0.163030150881433,-0.138307518629953,0.114,0.13,1,Neurons,Ugp2
0.163359789808857,-0.143138049686372,0.105,0.121,1,Neurons,Lsm1
0.163408083531409,-0.101501914660303,0.352,0.371,1,Neurons,Atp6v1b2
0.163474870818066,-0.12719893212566,0.091,0.107,1,Neurons,Rnd3
0.164593026802303,0.103913541649926,0.101,0.086,1,Neurons,Mysm1
0.165576656300641,-0.122548145580407,0.144,0.162,1,Neurons,Elavl2
0.166155310803971,0.112167412073475,0.108,0.092,1,Neurons,Rab2b
0.167914877953406,0.134561377099293,0.2,0.183,1,Neurons,Cuedc2
0.168473272577652,-0.103334720949682,0.086,0.101,1,Neurons,Hdac3
0.169187700164987,-0.144435742082055,0.158,0.175,1,Neurons,Dynlt1c
0.169554799015844,-0.201401453878296,0.335,0.339,1,Neurons,Mesdc2
0.170815459785223,-0.160800130000835,0.383,0.395,1,Neurons,Rab3c
0.171194708786592,-0.101571886114802,0.119,0.135,1,Neurons,Ccdc12
0.172979004156927,-0.209406294700206,0.117,0.132,1,Neurons,Wapal
0.173723597749889,0.169480635723016,0.137,0.122,1,Neurons,Cacnb2
0.17403410831313,-0.145360128542683,0.452,0.466,1,Neurons,Pdia3
0.174263590532736,-0.168855941655292,0.095,0.109,1,Neurons,Zdhhc17
0.175172538592386,-0.161059032901401,0.238,0.255,1,Neurons,Abcb7
0.175187704222569,-0.139063359100212,0.266,0.283,1,Neurons,Arhgef9
0.176653889344077,-0.110400263998634,0.215,0.232,1,Neurons,Rb1cc1
0.176773491967092,0.102763070570975,0.43,0.406,1,Neurons,Hprt
0.178051007679655,-0.101987668498428,0.175,0.193,1,Neurons,Brd3
0.178981218569217,0.265245733877173,0.193,0.175,1,Neurons,Csmd1
0.180457552566399,-0.189792817548546,0.113,0.127,1,Neurons,Usp5
0.180599029432711,-0.141195126100042,0.107,0.122,1,Neurons,Slc48a1
0.182510976144602,0.106119131421123,0.167,0.149,1,Neurons,Slc25a12
0.183720377285244,-0.226857039521957,0.256,0.268,1,Neurons,Map9
0.184625248514991,0.129997230554072,0.184,0.167,1,Neurons,Rph3a
0.185183664682261,-0.147019538140161,0.197,0.214,1,Neurons,Atp6v1h
0.1856092619449,-0.142072751123016,0.156,0.173,1,Neurons,Cs
0.186450456206858,-0.11170555552419,0.529,0.53,1,Neurons,Atp5l
0.188124355195165,-0.114458926619441,0.121,0.136,1,Neurons,Pfkm
0.190006690789434,-0.109565100959014,0.193,0.211,1,Neurons,Cd63
0.191247362782104,-0.129310965114911,0.163,0.18,1,Neurons,Mapk8ip3
0.193967598153073,0.200574662993512,0.125,0.11,1,Neurons,Galntl6
0.195802448456991,-0.131096160658703,0.205,0.223,1,Neurons,Rab3b
0.197983989565893,-0.104102963169744,0.131,0.146,1,Neurons,Prkaca
0.198306198626053,0.107278062270535,0.128,0.111,1,Neurons,Gspt1
0.198798402722131,-0.107017375943245,0.193,0.21,1,Neurons,Slc3a1
0.199264100185211,0.108060559669239,0.1,0.087,1,Neurons,Snrnp48
0.199383673587636,-0.1889489323641,0.221,0.236,1,Neurons,Gmps
0.199734055510249,-0.165622724087395,0.204,0.222,1,Neurons,Rexo2
0.200807653914822,0.140265013069127,0.277,0.258,1,Neurons,Gabrb3
0.201423733037625,-0.111168785288327,0.416,0.433,1,Neurons,Tpm3
0.205597070882533,0.110631434105055,0.188,0.171,1,Neurons,C1qtnf4
0.20638658778958,0.108172366223386,0.258,0.239,1,Neurons,Dlgap1
0.211237365432064,-0.137491760939608,0.124,0.137,1,Neurons,Hnrnpab
0.212704802553138,-0.106820857757601,0.093,0.107,1,Neurons,Srsf6
0.21282092855707,-0.185799934656716,0.096,0.108,1,Neurons,Gm11007
0.214224625830034,0.100018684136206,0.15,0.135,1,Neurons,Degs1
0.214339593147433,-0.10989231282646,0.257,0.274,1,Neurons,Eif4g1
0.214773248222533,0.129653492817505,0.129,0.115,1,Neurons,Bbx
0.217044259768465,0.107646409535847,0.153,0.138,1,Neurons,Magoh
0.21714407584102,0.133969078004449,0.107,0.093,1,Neurons,Arfrp1
0.21726929339841,0.139462693533412,0.12,0.107,1,Neurons,Arhgap20
0.217662612992478,-0.119181404159942,0.175,0.189,1,Neurons,Disp2
0.218792554147748,-0.135760512191547,0.142,0.156,1,Neurons,Usp8
0.219897173616593,-0.166396950754066,0.255,0.267,1,Neurons,Sbds
0.220770025454188,-0.125481767295698,0.12,0.133,1,Neurons,Sf1
0.221455950253352,-0.111490035402253,0.161,0.175,1,Neurons,Dnajb14
0.22284050752523,-0.19275318732026,0.13,0.143,1,Neurons,Smarca4
0.223041854503858,-0.193231195122242,0.135,0.148,1,Neurons,Fhad1
0.225653519646943,0.230331281534899,0.221,0.201,1,Neurons,Kcnma1
0.226290326721253,-0.138232027307494,0.442,0.453,1,Neurons,Atxn10
0.226353140098949,0.12787821794414,0.146,0.13,1,Neurons,Erbb4
0.226646468349003,-0.116192197870122,0.323,0.338,1,Neurons,Nsg1
0.226892824455189,0.1255401051872,0.16,0.146,1,Neurons,Gm26623
0.226935773956626,0.107669367879168,0.192,0.175,1,Neurons,Ogt
0.22694737092398,-0.128750289341626,0.151,0.165,1,Neurons,Bnip3
0.229857888030544,0.120311748188933,0.115,0.101,1,Neurons,Csnk1g1
0.231340352889312,0.161450413011163,0.285,0.268,1,Neurons,Magi2
0.232450628668342,-0.145577623253402,0.135,0.149,1,Neurons,Kpna3
0.234728803748722,0.110317597868292,0.152,0.138,1,Neurons,Nav2
0.235623014548434,0.103637500503238,0.248,0.23,1,Neurons,Sms
0.235724109253568,-0.112738644921692,0.176,0.192,1,Neurons,Sgtb
0.236115765757334,-0.11475517690013,0.175,0.19,1,Neurons,Vamp4
0.237267943628448,-0.113997180188131,0.35,0.363,1,Neurons,Psmd12
0.237539788298035,-0.106750822173687,0.122,0.136,1,Neurons,Hectd1
0.238180239397972,-0.111966474959073,0.186,0.2,1,Neurons,Gpx4
0.238371745470273,-0.100145259490248,0.382,0.396,1,Neurons,H2afz
0.241356845060322,0.121799374710424,0.241,0.222,1,Neurons,Srrm3
0.241444689637066,-0.102869229876567,0.183,0.197,1,Neurons,Ccndbp1
0.243280307291553,-0.123947071197446,0.134,0.148,1,Neurons,Tmem176b
0.24427243634249,-0.149084339795064,0.092,0.104,1,Neurons,Polr2b
0.245003151182479,-0.112311044870056,0.224,0.237,1,Neurons,Rpl23a
0.245500839247987,-0.142033253425369,0.201,0.214,1,Neurons,Cyb5r3
0.246151973376769,-0.20434829352911,0.146,0.158,1,Neurons,Ubr1
0.246162576599116,-0.154628750581974,0.19,0.205,1,Neurons,Elmod1
0.248270314966673,-0.122609108277052,0.225,0.24,1,Neurons,Tmx2
0.249814057688152,0.191631849432083,0.253,0.234,1,Neurons,Fgf14
0.254065566923376,0.103974201672529,0.161,0.146,1,Neurons,Ccdc107
0.254155759406868,0.192592674838697,0.124,0.111,1,Neurons,Dip2c
0.255601224563271,-0.10421338893268,0.119,0.132,1,Neurons,Trnt1
0.256474409059513,-0.114663517041256,0.183,0.195,1,Neurons,Arhgap5
0.256864268085679,0.116277322557995,0.115,0.104,1,Neurons,Ythdf2
0.259234571360957,-0.120931754337868,0.105,0.117,1,Neurons,Larp4b
0.260043258179246,-0.130075884810661,0.48,0.476,1,Neurons,Hap1
0.260354278429659,-0.152671798428673,0.239,0.251,1,Neurons,Ubxn1
0.261214244310153,-0.120138262061373,0.201,0.215,1,Neurons,Oxr1
0.262214821402567,-0.140522519914881,0.15,0.163,1,Neurons,Ndufs1
0.262230299535919,-0.108875233154184,0.142,0.155,1,Neurons,Col4a3bp
0.262470899771953,-0.16381760025397,0.256,0.268,1,Neurons,Tmbim6
0.262478401822613,0.130008525954196,0.11,0.098,1,Neurons,Snx12
0.263636338500907,-0.142995149759887,0.116,0.128,1,Neurons,Wdr70
0.266534938152744,-0.12473233111166,0.198,0.212,1,Neurons,Gnl2
0.267676197357416,-0.127325958611708,0.152,0.164,1,Neurons,Wac
0.267993677570403,-0.101189266621616,0.093,0.105,1,Neurons,Dgkg
0.269261554274852,-0.120423479987484,0.224,0.237,1,Neurons,Gabra1
0.27083334094289,0.110670414381862,0.146,0.132,1,Neurons,Pde1a
0.272064192735792,0.132977905293234,0.306,0.286,1,Neurons,Nlgn1
0.272176045758695,-0.119527108037844,0.511,0.514,1,Neurons,Tspan3
0.274238147819447,-0.110549789390657,0.151,0.164,1,Neurons,Ccnl1
0.277171694306127,-0.157892829725719,0.129,0.139,1,Neurons,Dctn4
0.27849286661135,-0.122502293176514,0.125,0.138,1,Neurons,Top2b
0.280618698267927,-0.165900851005167,0.16,0.172,1,Neurons,Peg10
0.28117214384331,-0.120149465254719,0.133,0.144,1,Neurons,Comt
0.282446946855624,-0.109879996892954,0.34,0.347,1,Neurons,Limch1
0.28280702613367,0.128251724097337,0.273,0.253,1,Neurons,Nbea
0.283600584554657,-0.108339670758861,0.109,0.121,1,Neurons,6430548M08Rik
0.284008075420949,-0.109131986724974,0.165,0.179,1,Neurons,Lsmd1
0.287224034538378,0.112560665359432,0.123,0.11,1,Neurons,Gm26871
0.288489190794003,-0.129966948958097,0.212,0.226,1,Neurons,Epb4.1l3
0.288753213131407,-0.135567574918096,0.118,0.129,1,Neurons,Cisd3
0.289373157728239,0.162796887716751,0.15,0.138,1,Neurons,Dpp10
0.289943353442689,-0.103510448519925,0.307,0.325,1,Neurons,Vapa
0.293448474561322,0.14789329363521,0.158,0.144,1,Neurons,Ccser1
0.294090281912066,0.122536541086608,0.148,0.135,1,Neurons,Lrrc49
0.294643550854505,-0.146340909670925,0.231,0.242,1,Neurons,Smap2
0.29763661092707,-0.125235582892604,0.377,0.381,1,Neurons,Aplp1
0.298016972947562,-0.10740893879812,0.117,0.129,1,Neurons,Cd59b
0.298273355862753,-0.140361898965585,0.208,0.221,1,Neurons,Myh10
0.299600404781676,-0.201404508345244,0.145,0.155,1,Neurons,Actr3
0.303034707615988,-0.169664706341171,0.174,0.186,1,Neurons,D3Bwg0562e
0.303165300361013,-0.111651859185586,0.486,0.483,1,Neurons,Arpc2
0.303425284291949,-0.116183163252904,0.171,0.184,1,Neurons,Emb
0.303517491537026,-0.101653102676377,0.176,0.187,1,Neurons,Ddx3x
0.310739968270574,-0.14491999805238,0.125,0.136,1,Neurons,Xpa
0.311844128872425,-0.138350094065856,0.15,0.161,1,Neurons,Xpr1
0.311860471813716,-0.192892240927909,0.272,0.284,1,Neurons,Cacna2d1
0.312794195835651,-0.105522520759012,0.128,0.139,1,Neurons,Fam174a
0.313137251031124,-0.105787682343967,0.418,0.428,1,Neurons,Sptbn1
0.31462428520605,0.143172739712672,0.215,0.2,1,Neurons,Grm7
0.314871805807339,-0.106230900496102,0.11,0.121,1,Neurons,Nup88
0.315571793717558,-0.143827715015852,0.313,0.318,1,Neurons,Smarcc2
0.317087966984147,-0.13430718971352,0.142,0.152,1,Neurons,Cdkn1b
0.317561209013425,-0.108502293169919,0.151,0.164,1,Neurons,Habp4
0.31835157346152,-0.112242732380943,0.245,0.255,1,Neurons,Atl1
0.320422653257441,-0.103429572739662,0.365,0.372,1,Neurons,Cct6a
0.322943340324829,-0.132238735980965,0.113,0.124,1,Neurons,Psmd3
0.32451136985602,0.101172698793521,0.187,0.174,1,Neurons,2810008D09Rik
0.326241492211634,-0.130361720207911,0.117,0.126,1,Neurons,Sc4mol
0.326407793469875,-0.160808548109176,0.106,0.115,1,Neurons,Stard3nl
0.326584837483806,-0.119009744468803,0.126,0.137,1,Neurons,Copb2
0.329903265273956,0.119682065255548,0.172,0.158,1,Neurons,Dab1
0.331224845868184,-0.202214575728917,0.137,0.149,1,Neurons,Junb
0.333191164535142,-0.112876814490659,0.129,0.139,1,Neurons,Ntng1
0.334726017296108,0.118686082488414,0.112,0.101,1,Neurons,Suz12
0.335995703297045,-0.155767943880969,0.151,0.161,1,Neurons,Fam126b
0.336328247549171,-0.115348449910721,0.095,0.104,1,Neurons,Wnk3
0.336689412082368,0.113182203829927,0.179,0.168,1,Neurons,Ankrd11
0.34120422419127,-0.215508781485598,0.129,0.139,1,Neurons,Igfbp5
0.343608196813019,-0.108175767647571,0.166,0.178,1,Neurons,Ssu72
0.348156872218233,0.104347278238736,0.134,0.124,1,Neurons,Ap3m2
0.349333289619552,-0.102221543170033,0.222,0.233,1,Neurons,Rab11a
0.349957997847482,-0.102710897457555,0.373,0.381,1,Neurons,Tsc22d1
0.350023374060869,-0.110351040733209,0.152,0.163,1,Neurons,Med19
0.357068848065854,-0.143815633389905,0.168,0.177,1,Neurons,Tmem242
0.358974656125442,-0.138063997229486,0.176,0.187,1,Neurons,Mlec
0.36362974188696,-0.120544911811612,0.11,0.119,1,Neurons,Stk25
0.364037579341157,-0.105436508753154,0.126,0.135,1,Neurons,Cpt1c
0.365063256898649,-0.10274467490998,0.093,0.102,1,Neurons,Fam134a
0.367931762437434,-0.166287650100754,0.124,0.133,1,Neurons,Lnp
0.374912214884668,-0.159487246825127,0.113,0.121,1,Neurons,Hax1
0.377035390411542,-0.117809285422745,0.39,0.392,1,Neurons,Psmd4
0.380189360323723,-0.136429464051709,0.122,0.132,1,Neurons,Tmx1
0.380606902205794,-0.117953112884944,0.205,0.214,1,Neurons,Cmas
0.381904087454959,-0.127022149728792,0.285,0.294,1,Neurons,Nop58
0.382036041878453,-0.110157520146646,0.114,0.124,1,Neurons,Sirt2
0.38250307876609,-0.144100103856335,0.202,0.209,1,Neurons,Psme1
0.38469780382829,-0.111722853731329,0.156,0.166,1,Neurons,Mea1
0.384988545972374,-0.110579100941399,0.38,0.384,1,Neurons,Slc25a5
0.385392350390917,-0.230454314218304,0.198,0.202,1,Neurons,Vps41
0.386474234666364,-0.102183720370712,0.115,0.124,1,Neurons,Nudt11
0.391191209847773,-0.105682997244662,0.139,0.149,1,Neurons,Drg1
0.394110035566552,-0.13195970858819,0.154,0.163,1,Neurons,Braf
0.396109897890383,-0.109211031060299,0.093,0.101,1,Neurons,Actr1a
0.400737077303845,-0.10699332336552,0.124,0.132,1,Neurons,Marf1
0.400759199202838,-0.111991921069149,0.139,0.148,1,Neurons,Arl16
0.402763068406764,-0.110006652603956,0.287,0.296,1,Neurons,Hnrnph1
0.405385222362549,-0.115843822812675,0.251,0.258,1,Neurons,Arxes2
0.408453233537502,-0.109326834945194,0.126,0.135,1,Neurons,Rnf208
0.410059927848594,-0.148738621359965,0.113,0.121,1,Neurons,Wdpcp
0.411699710474954,-0.112536803169277,0.123,0.132,1,Neurons,Sde2
0.412111446411269,-0.106641081238683,0.105,0.113,1,Neurons,Chmp2b
0.41221341665217,-0.11902663946257,0.122,0.129,1,Neurons,Omg
0.412317650701913,-0.113284185654101,0.197,0.204,1,Neurons,Aig1
0.416913460677894,0.140957513320296,0.151,0.14,1,Neurons,Pcdh7
0.416957417571829,-0.133540653952013,0.105,0.113,1,Neurons,5330417C22Rik
0.418073298921789,-0.118481328725031,0.164,0.175,1,Neurons,Mbp
0.418614021218997,-0.141634019661533,0.248,0.254,1,Neurons,Slc17a6
0.426317713880461,-0.111356497415205,0.156,0.165,1,Neurons,Surf1
0.427810563675483,-0.131429876090964,0.175,0.183,1,Neurons,Terf2ip
0.428566871629813,-0.160190007448294,0.116,0.124,1,Neurons,Ebag9
0.429282680754007,-0.133014153804312,0.199,0.206,1,Neurons,Smarca1
0.429433792757376,0.106860442943645,0.106,0.097,1,Neurons,Stk38
0.429733328095796,0.311017068403877,0.192,0.182,1,Neurons,Lingo2
0.43140473116417,-0.141439991524369,0.156,0.166,1,Neurons,Fut9
0.431993539745442,-0.104001458188975,0.49,0.49,1,Neurons,Calm3
0.432634590766312,-0.111161851887134,0.117,0.125,1,Neurons,Adam10
0.434734014937868,-0.128993894100628,0.217,0.225,1,Neurons,Mocs2
0.437605905665987,-0.153657776730333,0.113,0.12,1,Neurons,Ppm1g
0.440369178085778,-0.107749350532953,0.241,0.25,1,Neurons,Pds5b
0.443440871100066,-0.139517979454222,0.156,0.162,1,Neurons,Mrpl17
0.444390502839342,0.287058078221371,0.272,0.264,1,Neurons,Tenm2
0.445016088701433,-0.197153265221729,0.279,0.26,1,Neurons,Mt1
0.447801765827173,-0.108700589283911,0.151,0.159,1,Neurons,Slc7a14
0.447869633173318,-0.116310387549917,0.099,0.106,1,Neurons,Synj2bp
0.452893316862229,-0.109847483992996,0.098,0.104,1,Neurons,Kdm5b
0.456701945039055,0.158778059279665,0.101,0.093,1,Neurons,Dlgap2
0.458171658872618,-0.122261174087426,0.152,0.158,1,Neurons,Msantd4
0.46146331178015,-0.13515712067793,0.44,0.445,1,Neurons,Nnat
0.4628536195774,-0.160155044071326,0.208,0.212,1,Neurons,Armcx1
0.466060500337257,-0.114788356313754,0.217,0.225,1,Neurons,Cul5
0.472207438886534,-0.154181107563066,0.125,0.132,1,Neurons,Cpsf2
0.472250641671257,0.217479510196007,0.337,0.322,1,Neurons,Ptprd
0.474542044667058,-0.109952305418543,0.115,0.122,1,Neurons,Ispd
0.479020142451,-0.104858806965621,0.184,0.192,1,Neurons,Etfb
0.481953708903098,0.104878131413687,0.106,0.099,1,Neurons,Dbnl
0.482284976570115,0.103069941766101,0.122,0.115,1,Neurons,Tsen15
0.486616085528059,-0.109651427421027,0.242,0.249,1,Neurons,Bcap31
0.488722778193602,-0.108378635719784,0.13,0.137,1,Neurons,Timm10
0.488985351703589,0.184627784305078,0.185,0.177,1,Neurons,Csmd3
0.49044816736321,-0.172188537136321,0.132,0.139,1,Neurons,Camkv
0.497702646437109,-0.136679924568775,0.226,0.229,1,Neurons,Celf6
0.499745043237426,-0.129348346749032,0.184,0.189,1,Neurons,Cdadc1
0.501225531737231,-0.110036206510866,0.251,0.256,1,Neurons,Ddx17
0.50937810181018,0.111859052888638,0.199,0.194,1,Neurons,Acot13
0.510846837037354,-0.124795528171808,0.125,0.132,1,Neurons,Fhl1
0.510925047461693,-0.101489894980898,0.149,0.156,1,Neurons,Abi1
0.511653499430454,-0.104804508704572,0.121,0.127,1,Neurons,BC056474
0.513221357924044,-0.166988347227726,0.214,0.218,1,Neurons,Gabra3
0.521364778228824,-0.131676619827163,0.238,0.241,1,Neurons,Ppid
0.528515825095837,-0.131100929980598,0.297,0.303,1,Neurons,Zc3h13
0.53131638295397,-0.329667248030118,0.096,0.102,1,Neurons,B2m
0.532883737409708,0.104479121499628,0.151,0.142,1,Neurons,Unc5d
0.533860951796592,0.112189458338898,0.253,0.245,1,Neurons,Pcsk2
0.535502576828451,-0.129456729858209,0.181,0.186,1,Neurons,Frg1
0.540863294627656,-0.112169534423884,0.106,0.112,1,Neurons,Dock7
0.548339436929819,-0.125919790425901,0.233,0.236,1,Neurons,Bag1
0.548464414990723,-0.120623249525214,0.166,0.172,1,Neurons,Naa35
0.54902529615418,-0.112686942851372,0.171,0.176,1,Neurons,Ppp1r7
0.553761444155446,-0.128267859707626,0.1,0.106,1,Neurons,Kin
0.553962561899976,-0.109368406255826,0.127,0.132,1,Neurons,Mrps16
0.554765914712015,-0.117237130362156,0.209,0.217,1,Neurons,Adss
0.558183866465334,-0.109130358707579,0.109,0.114,1,Neurons,Hat1
0.560694114605094,-0.111183977290432,0.122,0.128,1,Neurons,Hdlbp
0.561713839090621,-0.108835073032754,0.163,0.169,1,Neurons,Arpc3
0.572672701039185,-0.133475037198661,0.172,0.176,1,Neurons,Smek2
0.574880143822325,-0.103051562229778,0.152,0.157,1,Neurons,Lgals8
0.580881039721758,-0.108708067155225,0.238,0.24,1,Neurons,Adcy9
0.590575573347983,-0.172020305606987,0.121,0.126,1,Neurons,Cnep1r1
0.593382303659885,-0.121138068049704,0.26,0.262,1,Neurons,Mrps15
0.595294420968412,-0.113081102902123,0.473,0.463,1,Neurons,Aff2
0.596097048361396,-0.111737140004506,0.267,0.268,1,Neurons,Coa3
0.597631471582735,-0.104320305492448,0.183,0.171,1,Neurons,Ptn
0.599148156689397,-0.118062656474142,0.267,0.269,1,Neurons,Usp11
0.605093526971707,-0.116788512393902,0.186,0.19,1,Neurons,Polr2k
0.608810171291017,-0.121474017685704,0.118,0.121,1,Neurons,Atp11b
0.610854024660053,-0.102816684355787,0.175,0.178,1,Neurons,Txnrd1
0.619760517198469,-0.103907236014996,0.13,0.135,1,Neurons,Arpp21
0.620408149968764,-0.103792369499591,0.106,0.112,1,Neurons,Ddc
0.620579062203042,-0.119754293740735,0.192,0.195,1,Neurons,Chn1
0.625170385013273,-0.112060752499516,0.222,0.224,1,Neurons,Supt16
0.629080521026538,-0.119145949152259,0.137,0.141,1,Neurons,Jmjd1c
0.630631299998837,-0.119674077052501,0.106,0.11,1,Neurons,Dhx30
0.631668411698304,-0.102237871098595,0.224,0.224,1,Neurons,Zmynd8
0.633580025887625,-0.124032122169296,0.106,0.109,1,Neurons,Fcf1
0.638560055293968,-0.127387625978809,0.103,0.107,1,Neurons,Tcf20
0.642068656495332,-0.124301717763291,0.118,0.122,1,Neurons,Aip
0.650194703946457,-0.116089355228255,0.109,0.113,1,Neurons,Prkcz
0.658131944258096,-0.128003033292322,0.159,0.163,1,Neurons,Sdc2
0.660699126502394,-0.156599714812953,0.247,0.252,1,Neurons,Ly6e
0.66700383581307,-0.119703186421885,0.133,0.137,1,Neurons,Fam178a
0.669313081150573,0.202762697283076,0.301,0.307,1,Neurons,Kcnip4
0.680995292566489,-0.105866088627181,0.254,0.254,1,Neurons,Polr2g
0.682716235853153,-0.122281087402081,0.179,0.182,1,Neurons,Mapk8ip2
0.685352295582159,0.129024082853967,0.283,0.28,1,Neurons,Dmd
0.688314276020701,-0.219270043409402,0.229,0.226,1,Neurons,Srsf10
0.703325860697285,-0.116253127004128,0.145,0.149,1,Neurons,Fnbp1
0.705644964583412,-0.119044675734822,0.319,0.303,1,Neurons,Plcb4
0.708082662363577,-0.10961499091151,0.265,0.265,1,Neurons,Ola1
0.70885170276782,-0.114771827379378,0.15,0.152,1,Neurons,Rab3gap1
0.709398785489407,-0.105454105555148,0.19,0.192,1,Neurons,Crebrf
0.716637676439877,-0.143930246115787,0.137,0.141,1,Neurons,Agap1
0.718318050057217,-0.103518359501595,0.171,0.173,1,Neurons,Afg3l2
0.718582729725832,-0.133135059657949,0.267,0.266,1,Neurons,Calb1
0.743514723122497,-0.110934086736826,0.192,0.192,1,Neurons,Zfp949
0.765312154974503,0.11155560608531,0.115,0.112,1,Neurons,Trpm3
0.775909604388615,0.110918665559365,0.155,0.15,1,Neurons,March1
0.777732090819515,-0.11940291195018,0.135,0.129,1,Neurons,2610507B11Rik
0.788693708775771,-0.198140749223503,0.114,0.115,1,Neurons,Ppp1r17
0.803009221552101,-0.12215291586975,0.12,0.115,1,Neurons,Mier1
0.806477531093668,-0.116151743029062,0.153,0.146,1,Neurons,B630019K06Rik
0.809619324772448,-0.124765018996364,0.253,0.248,1,Neurons,Cystm1
0.809798032285447,-0.124968080062899,0.152,0.151,1,Neurons,Ten1
0.810882357317911,-0.100123503903873,0.398,0.392,1,Neurons,Ndrg4
0.811343605641151,-0.108697794624181,0.195,0.194,1,Neurons,Zmym5
0.834351972432248,-0.11530261441101,0.31,0.303,1,Neurons,Thoc7
0.847019757747465,-0.138249207651192,0.113,0.109,1,Neurons,D14Abb1e
0.850972655188552,-0.106151652804819,0.36,0.352,1,Neurons,Tmod2
0.861391643715404,-0.102186599921045,0.13,0.131,1,Neurons,Mga
0.864756239330571,-0.128050051660032,0.166,0.164,1,Neurons,Smarcc1
0.868898613288127,-0.101634890675171,0.256,0.254,1,Neurons,Cetn2
0.876956094526986,-0.101787046400783,0.115,0.115,1,Neurons,Snapc3
0.879981691237994,-0.102021922354166,0.177,0.172,1,Neurons,Gbas
0.888490888266368,-0.113660164571097,0.142,0.141,1,Neurons,Gm16039
0.892708242937154,-0.119713961155071,0.112,0.112,1,Neurons,Plcxd3
0.901655901673926,-0.107732808027595,0.152,0.147,1,Neurons,C77370
0.903022672439023,-0.141851140983056,0.186,0.179,1,Neurons,Taf1
0.921181212249876,-0.111231636596723,0.242,0.237,1,Neurons,Brd8
0.926636982334293,-0.10172110266546,0.138,0.138,1,Neurons,Tango2
0.945088244193351,0.138240886111782,0.108,0.109,1,Neurons,Vgf
0.945923403259884,-0.106584962881965,0.16,0.158,1,Neurons,Sccpdh
0.948306498339329,-0.115087723363607,0.252,0.243,1,Neurons,Snx6
0.95086990866176,-0.104486049624577,0.198,0.195,1,Neurons,Rpn2
0.953960476819586,-0.105169672610748,0.342,0.334,1,Neurons,Mphosph8
0.954023725361492,-0.104611242294355,0.317,0.313,1,Neurons,Ncald
0.96319297963719,-0.131724119401396,0.323,0.314,1,Neurons,Pdcd4
0.966995992267946,-0.198493477318925,0.188,0.185,1,Neurons,Cartpt
0.971599762751446,-0.128677828096411,0.153,0.152,1,Neurons,Isl1
0.981887704030811,-0.140079722029837,0.111,0.109,1,Neurons,Ildr2
0.991840287361855,-0.102473863086725,0.268,0.261,1,Neurons,Nefl
0.999325935612566,-0.118227489781184,0.268,0.257,1,Neurons,Tomm20
